exonID,baseMean,log2FoldChange,lfcSE,stat,pvalue,padj,gene_name
ENSMUSE00000138681,70.3665464739789,1.46455641784484,0.346930148330306,4.22147347209058,2.42710522685657e-05,0.00304111000007582,Pigf
ENSMUSE00000161254,9.92660904277131,2.34941851513839,0.880528387192661,2.6681916782137,0.00762607370752806,0.225268491258209,Atf3
ENSMUSE00000194322,5.08233026011414,4.02431298643136,1.4694270385184,2.73869534243021,0.00616835039857525,0.197595263299656,Pradc1
ENSMUSE00000206839,24.0194456748724,2.45877850086258,0.611278154769741,4.02235624106143,5.76188222622928e-05,0.00589725103563169,Gm36995
ENSMUSE00000214651,11.3079378268497,2.22846685772734,0.803795519808216,2.77243005566771,0.00556394751606823,0.188846924515963,Tmed6
ENSMUSE00000219302,34.9100990800372,0.826019631022267,0.393572650005255,2.09877294830126,0.035836920581088,0.492908130858654,Trip4
ENSMUSE00000245230,4.30394636740892,3.13755779324534,1.28296191384949,2.44555801647392,0.0144628177444474,0.323308289729798,Hsp90aa1
ENSMUSE00000266618,18.6424475990018,1.10588915819497,0.533690103042929,2.07215601692733,0.0382508936900253,0.511444256340938,Ccdc117
ENSMUSE00000321855,25.6772132532826,1.18563553280745,0.514917049563673,2.30257579121166,0.0213027225471425,0.388976927522191,Map2k1
ENSMUSE00000334675,17.2007309524725,1.50724169214738,0.619621119336795,2.43252149597586,0.0149941014649677,0.323308289729798,Nkrf
ENSMUSE00000339462,846.967030240778,0.625534787441397,0.262920405004126,2.37917930877818,0.0173512334184889,0.345229713188555,4930556J24Rik
ENSMUSE00000351329,4.4481660832035,2.42761601714724,1.07835601394083,2.25121943566258,0.024371642500052,0.414962267758191,Tbkbp1
ENSMUSE00000361772,9.77703805500693,2.75470818155149,1.04446842702933,2.63742599609872,0.00835378507613014,0.239410628589094,Lrrc71
ENSMUSE00000362387,52.7530679875807,0.928110966452396,0.453327468766069,2.04733008784722,0.0406256856215423,0.532750468264316,Klhdc9
ENSMUSE00000365239,20.9612796879487,1.1834711793212,0.488663542465162,2.42185282198656,0.0154416030830182,0.326765463773893,Gpr1
ENSMUSE00000388984,2.80948441985213,3.24297327537698,1.54461087309192,2.09954062338392,0.0357692706930628,1,Ccr4
ENSMUSE00000389247,83.9346920757872,0.601469322019968,0.258339287919042,2.32821467793336,0.019900707174365,0.374436131726368,Htr2b
ENSMUSE00000393742,36.9030022730826,2.60051699800952,0.499499557426606,5.2062448491591,1.92700346713325e-07,4.76520428801095e-05,Pla1a
ENSMUSE00000409338,32.5933459943636,1.43260633288539,0.516482760780915,2.77377376685198,0.00554101965868462,0.188809154117777,Cxcl17
ENSMUSE00000414366,1680.36535934371,0.578211544317747,0.26320238605091,2.19683245654888,0.0280324141421702,0.44464349644572,Calhm2
ENSMUSE00000414798,19.9038527217199,1.67847529650121,0.690312078037405,2.4314731697484,0.0150375620076231,0.323308289729798,Trp53i13
ENSMUSE00000422344,20.3531322156918,1.74633757784491,0.742806716622316,2.35099863634223,0.0187231024713396,0.362524500871241,Car5a
ENSMUSE00000422401,13.9017289560848,1.75151110795411,0.778955587206625,2.248537832863,0.0245419154750036,0.414962267758191,Slc7a15
ENSMUSE00000442073,72.8552548608186,0.899169276517516,0.319543223558409,2.81392065368946,0.00489413068973439,0.172918362322638,Paqr3
ENSMUSE00000444198,103.497945743052,0.83131952137598,0.271999127109722,3.05633157800772,0.00224063320752506,0.0984400020869514,Fbxl13
ENSMUSE00000458054,230.702839048652,0.50783153043548,0.230203810962912,2.20600835542769,0.0273834146869161,0.438084018697337,Zfp750
ENSMUSE00000461204,23.9676300568228,1.437340388006,0.68844612783166,2.08780372188754,0.0368155437044698,0.49943343379653,Il12rb2
ENSMUSE00000463257,368.081940749532,0.68282228591494,0.254169305651281,2.6864860183069,0.00722079702034248,0.216999993788417,Ube2s
ENSMUSE00000496051,2.33779855038775,5.29818708295138,1.90788778102462,2.77699094026694,0.00548647082314813,1,Amelx
ENSMUSE00000502309,5.2921207053196,1.91907217974896,0.970139245628915,1.97814096109974,0.0479128067845368,0.567005677478662,Nfe2
ENSMUSE00000506417,123.872353816757,1.01727005362891,0.320032726607209,3.17864383562702,0.00147965783881225,0.0752174938199656,Rab26
ENSMUSE00000512533,122.316404290375,0.617217114734684,0.268528308957403,2.29851786253416,0.0215323324250237,0.39234176239701,Ccn6
ENSMUSE00000529366,4.45131053023367,2.22755769064881,0.997476596536762,2.23319293744122,0.0255362238711747,0.421125727924635,A630091E08Rik
ENSMUSE00000594504,24.5403115323506,3.48763223481706,0.741352480469136,4.70441837951367,2.54590690867814e-06,0.000500791461241121,Spaca4
ENSMUSE00000611426,3.12676564593549,3.51520051965103,1.67576986966545,2.09766304030326,0.0359349219897214,1,Gm867
ENSMUSE00000650409,18.0869029342205,1.08441133747822,0.507039694901889,2.13871093009404,0.0324590868620149,0.472951846449055,Gm10392
ENSMUSE00000654067,13.5313130077737,1.77358859030784,0.631186353445032,2.80992860607259,0.00495524907570982,0.173232147237753,Fnd3c2
ENSMUSE00000657458,2.02787914373581,3.96873608149775,1.68825063821618,2.35079791569998,0.0187332047540037,1,Mpig6b
ENSMUSE00000666869,2120.49236949902,0.419717069624134,0.187345610087583,2.24033575928423,0.0250691333961538,0.421036800266546,Gm17106
ENSMUSE00000667793,5.7074352799845,2.56651968148398,1.10668804985753,2.31909948048539,0.0203896429367378,0.378174951728306,Grhl3
ENSMUSE00000680049,12.8248924952797,2.32686166003238,0.802756781829116,2.89858860454661,0.00374846378375356,0.146800697051525,Efcab9
ENSMUSE00000681583,8.87385944513357,1.62811465225465,0.770478872110174,2.11312043871572,0.0345904607298899,0.486529812823521,Dnmt3bos
ENSMUSE00000698111,31.9713286509638,1.38270315764771,0.558964398294018,2.47368734371595,0.0133726670241517,0.315369027504176,Bbs4
ENSMUSE00000703062,10.4906709432373,1.69631959072783,0.704958596833681,2.40626839412534,0.0161164194954433,0.334502663628444,2610203C22Rik
ENSMUSE00000703802,28.8221122816273,0.985964067673354,0.486198505824546,2.02790435565254,0.04257001052126,0.537873636586139,Mas1
ENSMUSE00000707116,196.483502798307,0.940504590673944,0.323072223141474,2.91112798719962,0.00360126468243736,0.142629367022318,Mrpl39
ENSMUSE00000708122,19.2891186430074,1.11787658816038,0.497177333626685,2.24844640443676,0.0245477390054528,0.414962267758191,Gm14441
ENSMUSE00000717419,25.7251316302066,1.69893833036755,0.692902656508533,2.45191487492389,0.0142098273429072,0.322453825632733,Gm13535
ENSMUSE00000717866,1.56653459697776,4.35428799083464,1.69799789535976,2.56436595282827,0.0103364497345994,1,Gm11943
ENSMUSE00000721537,13.6218366064268,1.23961958980496,0.563754861181839,2.19886279509193,0.0278876797853575,0.44464349644572,Rpl30-ps3
ENSMUSE00000721604,23.5071604902042,1.4511354881134,0.730194131425193,1.98732833593318,0.046886023537596,0.561270447742591,Creb3l3
ENSMUSE00000721762,1.42907766647866,5.81824672484431,2.39496904558913,2.42936197257326,0.0151254229373752,1,Gm11956
ENSMUSE00000723060,9.36947712317802,1.43877108467375,0.684029563410769,2.10337558730594,0.035432950735113,0.489797676277473,Slc13a3
ENSMUSE00000723920,389.946668156486,0.8010753626952,0.318709612025671,2.51349608693533,0.0119541104076856,0.298163762474118,4930483K19Rik
ENSMUSE00000729542,735.794366039474,0.659686879107061,0.20832792558495,3.16657921521933,0.00154243329651451,0.0762843438933317,Gm15927
ENSMUSE00000732691,25.3781268614203,2.22534297403179,0.591237177193294,3.76387524308922,0.000167300372076026,0.0135325674796075,Tmcc3os
ENSMUSE00000733356,23.0143584809196,1.77295508243415,0.620538321267601,2.85712424465979,0.00427498464346289,0.161572017856643,Nfe2l2
ENSMUSE00000739283,122.255664620499,0.544776389583325,0.249606741001697,2.18253877037568,0.029069793123028,0.451787599529977,Gm16033
ENSMUSE00000740532,4.79039029837502,3.61846129211398,0.976430658445846,3.70580466806866,0.000210720656856713,0.0155879255136312,Gm16548
ENSMUSE00000740781,8.48049707148189,1.75603725736517,0.779982071954334,2.25138156440598,0.0243613807600825,0.414962267758191,Zbtb7b
ENSMUSE00000742051,15.8475881947198,1.55485339386579,0.57472110062371,2.70540509505985,0.00682211388790231,0.210125963344464,Gm16008
ENSMUSE00000742674,169.945511148032,0.604123725465868,0.296378443590403,2.03835244610694,0.0415146983890165,0.533671927083247,Fam69a
ENSMUSE00000758689,331.729751838879,1.54611421982187,0.346962045131874,4.45614798942697,8.3445439127093e-06,0.00131312777389998,Atxn7l1os1
ENSMUSE00000763579,259.275409019535,0.804872916382201,0.385345660821959,2.08870372295194,0.0367344015262864,0.499114984631097,Gm12868
ENSMUSE00000769026,11.2796509051796,4.51654516186173,1.0962373480892,4.12004313640135,3.7880147369912e-05,0.00437136900648784,Hccs
ENSMUSE00000776038,5.19750319879493,2.36472683336222,0.947790144155903,2.49498989617394,0.0125960716782028,0.309558028455984,Aldh1l2
ENSMUSE00000778186,50.533486542428,1.8545596124383,0.600844559214973,3.0865880101525,0.00202468000023023,0.0912687781353782,Prkca
ENSMUSE00000783948,2.98695625050807,5.04640411104655,1.64237937772256,3.07261780042821,0.00212190064408416,1,Abi3
ENSMUSE00000784092,241.132660043847,0.808471701708649,0.353117016866237,2.28952914499417,0.0220486265137944,0.396737759827215,Gm15614
ENSMUSE00000787949,649.598080802735,1.33806897232671,0.261292779341019,5.12095655953953,3.03989675040379e-07,7.30841843742912e-05,Gm4876
ENSMUSE00000797686,42.5062786476829,0.856808877512987,0.347695216551327,2.46425270388068,0.0137299272147096,0.318585844620137,Senp5
ENSMUSE00000799061,2.84929669091088,3.68879495198902,1.72625253931427,2.13688024664939,0.0326077330344396,1,Slc39a6
ENSMUSE00000809605,200.159441610339,0.802449140820247,0.392388126474163,2.0450393033824,0.0408509834116757,0.533315559823562,Tbc1d17
ENSMUSE00000818282,5.19886684148321,2.87219696813629,1.02082782918003,2.81359587389322,0.00489907747684307,0.172918362322638,Ahcy
ENSMUSE00000820386,1090.1391832772,0.641301177444049,0.257754773984651,2.48802832060149,0.0128453503532607,0.311418787976109,Erp29
ENSMUSE00000823320,34.9671216428832,1.02357062454612,0.46236771829318,2.21375884182531,0.0268453727594475,0.433342026729917,Nctc1
ENSMUSE00000838475,12.5671390292563,3.419864834729,1.05990335387598,3.22658176542496,0.0012527843189436,0.0657142320027688,Gm15261
ENSMUSE00000839811,18.2057257432661,1.65591096614109,0.762257691434967,2.17237685463534,0.0298272493449062,0.455883657035495,Rabl6
ENSMUSE00000841973,236.719053181172,0.734152313383411,0.284481834783867,2.58066499726135,0.0098610221121466,0.271582716643244,4930511M06Rik
ENSMUSE00000844046,173.831181060815,0.413426441964626,0.207961567614098,1.98799444872332,0.0468123039301837,0.561270447742591,Gm15558
ENSMUSE00000845737,30.0556857823709,3.68341531125688,0.524685608064893,7.02023317323641,2.21498280776321e-12,1.27804508007937e-09,Psmb7
ENSMUSE00000848271,743.180499433388,0.4661144258585,0.234010843125585,1.99184969223137,0.0463875521261449,0.561270447742591,4930519F09Rik
ENSMUSE00000849165,39.3241390789072,2.96249005998734,0.599396277486154,4.9424565538043,7.71443002703644e-07,0.00017120100483077,Spef2
ENSMUSE00000853485,4.79558598311881,4.87664642902939,1.62923735299881,2.99320809215019,0.00276061451592862,0.11487076267001,Gm16587
ENSMUSE00000855582,14.0171924042935,1.2941084729095,0.622974817655775,2.07730462971067,0.037773452048921,0.507654079943186,Usp7
ENSMUSE00000858993,4046.01134204416,0.805065913624704,0.184518869307023,4.36305466561874,1.28258878009557e-05,0.00181325322400742,Drg1
ENSMUSE00000859152,409.748607484464,0.447397515003669,0.194962154793557,2.29479159931019,0.0217450703135691,0.393731346368076,Gm16552
ENSMUSE00000860783,18.8156244901116,1.30868596805886,0.538510149995545,2.43019740309386,0.0150906012180802,0.323308289729798,Rpl29-ps1
ENSMUSE00000864241,11.2841638304069,1.52298252078539,0.592331831282274,2.57116440541183,0.0101357197357906,0.271593357007021,Fam19a3
ENSMUSE00000879239,75.4361094034807,1.59184373528273,0.393944454809235,4.04078218604086,5.32732204322458e-05,0.00562292344928156,Gm17040
ENSMUSE00000889113,10752.1970040151,0.624727247960356,0.195374564484859,3.19758741168567,0.00138582403147503,0.0710297636574563,Lrrc4
ENSMUSE00000896202,266.062599922132,2.20316421575978,0.366632297811852,6.00919294047139,1.86449131245696e-09,8.49324858385e-07,Gm17041
ENSMUSE00000896225,115.956361361473,1.09474617562999,0.295062938500419,3.7102124082196,0.00020708542567352,0.0154510720621062,Gm17218
ENSMUSE00000906756,212.922230873575,0.769305349785063,0.377525440585497,2.03775763718588,0.0415741768787646,0.533671927083247,Gm17108
ENSMUSE00000908298,5.26132418618583,2.60789330503608,1.07303765214366,2.43038377994115,0.0150828424531769,0.323308289729798,Fchsd1
ENSMUSE00000914036,2.94101699570186,3.87999824415113,1.29072269137752,3.00606650062858,0.002646511119695,1,Gm17490
ENSMUSE00000974360,51.3074170143999,1.00903729660311,0.410088714035317,2.46053417728586,0.0138730357926746,0.319338097834039,Heatr4
ENSMUSE00000988350,17.2883107975751,1.65892047580078,0.59090485228596,2.80742401992998,0.00499394591480583,0.173232147237753,Zbtb25
ENSMUSE00000998736,19.6810408361811,1.04421260329511,0.499651890090621,2.08988022262004,0.0366285605976511,0.499030639282896,Gm18856
ENSMUSE00001011401,17.0150096190625,2.05955482938796,0.930370594610557,2.2136929534516,0.0268499080061232,0.433342026729917,Il23r
ENSMUSE00001018578,39.7420246048692,1.04645820889802,0.348727405401231,3.00079142817584,0.00269278940577425,0.112589817908097,4931406C07Rik
ENSMUSE00001039273,172.104005461645,0.534004969179707,0.251173821906537,2.12603751906285,0.0335001356418148,0.482435397637116,Hbp1
ENSMUSE00001048710,15.3086322994701,2.86633854419562,0.661007799618857,4.33631576790527,1.44890758830346e-05,0.00193647437879424,Evi5
ENSMUSE00001062147,36.8113631724104,1.41154182021443,0.517406136557106,2.72811186509505,0.00636980026357553,0.201273893137966,Nfix
ENSMUSE00001084471,22.8188832150856,1.64399543439725,0.641005052987671,2.56471524948942,0.0103260508762994,0.274461293595998,Cdc42ep2
ENSMUSE00001095585,2956.4167866985,0.571963666060925,0.180558897587883,3.16774013190092,0.00153628777154111,0.0762843438933317,Gm26827
ENSMUSE00001100269,10.9766189646206,1.85205950333349,0.74047664071101,2.50117208498993,0.0123783014865808,0.306097712475306,Gm26574
ENSMUSE00001106883,206.299072630177,0.817346793054278,0.309539877476701,2.6405217955021,0.00827784679969789,0.238022471931512,9530027J09Rik
ENSMUSE00001113350,84.6507649516539,0.977346962193993,0.361607854768969,2.70278133979811,0.00687619647506803,0.211040710963524,Gm16793
ENSMUSE00001121485,235.877787165754,0.595079201305515,0.27882430479242,2.13424436491841,0.0328227828120198,0.475052149227478,6430562O15Rik
ENSMUSE00001122439,12.0835042993016,2.73101011529305,0.601019047411936,4.54396599750561,5.52055668228178e-06,0.000995425376773933,Gm26788
ENSMUSE00001123216,2.07551667451928,3.5404561317709,1.69892778760513,2.08393561963081,0.0371660237899769,1,5330439K02Rik
ENSMUSE00001128365,22.3330426277478,1.89306525511923,0.747423111727661,2.53278929352803,0.0113158951139891,0.288905817733261,A330009N23Rik
ENSMUSE00001132017,510.914575581098,0.531041826250955,0.246221216768923,2.15676712681237,0.0310238136959339,0.465357205439008,Gm26786
ENSMUSE00001162157,88.9008546631224,0.710475084985541,0.273721748446256,2.59561064847224,0.00944229951754126,0.264476059302005,2700016F22Rik
ENSMUSE00001169143,6.50914082009072,2.08658832676927,0.943161908109247,2.21233311993298,0.0269436562709176,0.433342026729917,Gm16973
ENSMUSE00001201228,353.08126045288,1.39656111073695,0.374692213011941,3.72722213656584,0.000193601814821636,0.0149952052129317,Gm26885
ENSMUSE00001205645,32.9563162779596,0.910977158859815,0.423658833059936,2.15026121910442,0.0315345581306765,0.469393631188788,Mtx1
ENSMUSE00001208459,49.913471390267,1.36215960644657,0.544487679551453,2.5017271420516,0.0123589134820312,0.306097712475306,Rftn2
ENSMUSE00001264145,5.43867372916277,1.75646911398107,0.883737003639006,1.98754732092056,0.0468617774014862,0.561270447742591,Txlng
ENSMUSE00001306649,9.22482834037409,1.61144494675552,0.757730887249768,2.12667184863529,0.0334473581274685,0.482435397637116,Pycr1
ENSMUSE00001316811,4.67510770875321,2.45298430264125,0.969407386389602,2.530395721222,0.0113933946418768,0.28917838893092,1110065P20Rik
ENSMUSE00001319921,3.17652597668755,3.34071041815322,1.38167400024588,2.417871666948,0.0156115816716418,1,Tmem242
ENSMUSE00001325667,59.3211700110242,0.905899082499042,0.345170180377195,2.62449983804827,0.00867763338780944,0.247055647932535,Gm28609
ENSMUSE00001325933,4.04067351814977,2.73176353697774,1.1541998385794,2.36680291026554,0.0179424848690377,0.35374078938843,Gm28156
ENSMUSE00001329653,26.7501030917384,1.42051017239914,0.670132384862139,2.11974559726937,0.0340275054271032,0.485919494606584,Gm17767
ENSMUSE00001329711,177.778388535661,0.634752140629341,0.260729600860769,2.43452273364352,0.0149114431330328,0.323308289729798,Gm28940
ENSMUSE00001331522,4543.27927225389,0.637638783571556,0.301276355589152,2.11645810148175,0.0343058650514108,0.486529812823521,1600010M07Rik
ENSMUSE00001339627,25.5481856564851,1.07058971851866,0.514863659639008,2.07936547564707,0.0375837712288094,0.505890419883896,Gm17968
ENSMUSE00001339742,119.220020266246,0.81082587777527,0.411352146288485,1.97112348894037,0.0487097526271502,0.568601296746431,Gm33051
ENSMUSE00001340798,7.18020620656704,2.11387665360755,0.979780780662446,2.1574996114726,0.0309667573707011,0.465357205439008,E330011M16Rik
ENSMUSE00001341861,71.0779575183129,0.796880122974304,0.356423805913459,2.23576570855593,0.0253671222779123,0.421125727924635,Gm37090
ENSMUSE00001342078,25.2441902321912,0.853043746612016,0.424136223742009,2.0112494497308,0.0442991149777829,0.552852177353802,Gm18553
ENSMUSE00001346289,165.868879222603,0.734307957217654,0.272449499901596,2.69520757969045,0.00703447923538632,0.214378231627706,Lsmem2
ENSMUSE00001347195,5.09677083826013,2.30176759161023,0.939489767243817,2.45001879942017,0.0142848756261988,0.322453825632733,Gm17951
ENSMUSE00001355479,30.6901333711647,1.09116354201462,0.439438647199605,2.48308506538567,0.0130249979661756,0.31182779819559,Gm42928
ENSMUSE00001355502,753.07093413001,1.54659374411305,0.282654007117454,5.47168518814022,4.45776190528829e-08,1.37792604608108e-05,Gm17590
ENSMUSE00001355745,10.5915107348377,1.46726808277421,0.659570269011601,2.22458190083823,0.026109318774504,0.425567144996859,Gm33370
ENSMUSE00001357080,89.492584869348,1.44945352255812,0.300072393850563,4.83034611734379,1.36295916319142e-06,0.000287717355059067,Gm42435
ENSMUSE00001358681,26.0894487592776,0.85561012949525,0.410116557678417,2.08626087748975,0.0369549984401975,0.500540706572628,Gm6598
ENSMUSE00001364837,17.36665535878,1.09974194549337,0.505158034610702,2.17702554477012,0.0294786615506708,0.455402167937881,Gm36816
ENSMUSE00001365000,12.7216829906401,1.14175598706601,0.580518497388276,1.966786574765,0.0492078209678159,0.568616409180837,2900060B14Rik
ENSMUSE00001365661,23.5935898316843,1.10369935469509,0.532746195974672,2.07171700714979,0.0382918403360979,0.511444256340938,Gm44013
ENSMUSE00001366158,25.7462147146146,4.44269955508946,0.801747914853579,5.54126736444438,3.00290316264483e-08,9.9962026433427e-06,Gm35808
ENSMUSE00001372396,317.979109750942,0.763635108388483,0.250898202500967,3.04360533784828,0.00233761586465154,0.101668669892257,Gm44876
ENSMUSE00001372926,6.5922186468717,2.51244911220583,1.0369738724318,2.42286636047435,0.0153985902376147,0.326653917908223,Gm5587
ENSMUSE00001374667,9.10919821917072,3.23244905313474,1.04239766072898,3.10097496849158,0.00192884595294697,0.0878640090671369,Furin
ENSMUSE00001376680,3.91104900537516,3.22169159215276,1.32090671839665,2.43900008023528,0.0147279649868695,0.323308289729798,Ccdc83
ENSMUSE00001377009,11.1129499401272,1.53003669671626,0.723808389981727,2.11386980020346,0.0345263892449176,0.486529812823521,Sbk2
ENSMUSE00001380549,4.60716731185921,2.09289758371768,1.00994207587975,2.07229467283515,0.0382379689269336,0.511444256340938,Gm44832
ENSMUSE00001380760,52.2043361848162,1.09523407081251,0.42570721712883,2.57274019970647,0.0100896915177919,0.271593357007021,Gm19656
ENSMUSE00001387361,22.0994824674078,1.44966665424712,0.619664774955875,2.33943692273027,0.0193128325048577,0.368875927194439,Gm45244
ENSMUSE00001393100,1.87160292286497,3.22458866827188,1.61984722234581,1.99067456719909,0.0465166765176153,1,Gm7684
ENSMUSE00001393592,970.841974291043,0.488209652969427,0.21594956490913,2.26075775227824,0.0237742620530283,0.411527370685167,Gm45732
ENSMUSE00001396115,2.86301349493888,3.47606583471994,1.34657165874815,2.58141912622124,0.00983950425604071,1,Gm18391
ENSMUSE00001397927,3.80063472165737,2.30161229073195,0.953389765069567,2.41413572398064,0.0157725858095027,0.33053687695217,Gm18789
ENSMUSE00001398584,61.6547029441115,0.951985523027346,0.35278850869267,2.69845955741337,0.00696612015650775,0.213045123514398,Gm5922
ENSMUSE00001401267,5.15381738372976,2.90499580750493,1.28626934331753,2.25846617786319,0.0239166109133032,0.411527370685167,Ccr4
ENSMUSE00001406083,765.532445308605,0.615337561882851,0.244569931449054,2.51599842317914,0.0118695713853973,0.298163762474118,Gm34868
ENSMUSE00001407222,16.7955822259592,1.67902278398031,0.703291768756326,2.3873772715262,0.0169690674428415,0.339970552587485,Gm47096
ENSMUSE00001407594,180.291019033539,3.02345024804113,0.32774572567374,9.22498757787272,2.83593771194e-20,2.45450408968407e-16,Gm40645
ENSMUSE00001407844,10.0343564340304,1.37228463661975,0.698886402370298,1.96353031331787,0.0495845857517958,0.570563511119484,E130317F20Rik
ENSMUSE00001408091,98.5196268805779,0.768480028598696,0.369117899875821,2.08193650011887,0.0373482702609627,0.504289046971345,Gm48689
ENSMUSE00001409310,11.2884319148421,3.03515961396343,0.897677733989343,3.38112387000507,0.000721899914377941,0.0443123670846885,Mmp11
ENSMUSE00001412385,553.30064464855,1.64942531218632,0.379549818013126,4.34574128060648,1.38806098655393e-05,0.00190693140295623,Gm35188
ENSMUSE00001413041,4.85759120159075,3.72179058754374,1.20153953609428,3.09751820538655,0.0019514840939747,0.0884298158814188,Gm29684
ENSMUSE00001413443,312.579773625088,0.456278536710726,0.231887798707824,1.96766944726416,0.0491060834123317,0.568616409180837,Cenpp
ENSMUSE00001413718,1.98912151119898,3.32128052677234,1.5746724901025,2.10918813127684,0.0349283459776841,1,Gm48597
ENSMUSE00001417227,458.025597511584,0.50038763374184,0.250676678254906,1.99614753644138,0.0459178660585209,0.561270447742591,Gm47806
ENSMUSE00001417254,4328.64087962951,0.463525479166854,0.18156829567953,2.55289877250916,0.0106830539717602,0.28018737007753,Gm32036
ENSMUSE00001417765,22.7781274701927,1.11729076959128,0.496010936662824,2.2525526898831,0.0242873669705542,0.414962267758191,Gm18856
ENSMUSE00001420127,33.2359569518714,1.8580751850306,0.738667043519931,2.51544346174754,0.0118882743379941,0.298163762474118,Gm29675
ENSMUSE00001420583,22.6356895556722,1.49875180382067,0.608874827835072,2.4615105359991,0.0138353334066887,0.319319495026375,Gm5928
ENSMUSE00001432124,150.653440135202,1.34385366171726,0.336647452578669,3.99187236209139,6.55536552040614e-05,0.00637490882911406,Gm10876
ENSMUSE00001434674,43.6766521139679,0.708452975520018,0.347162522519453,2.04069543676138,0.0412811092242867,0.533671927083247,Gm49190
ENSMUSE00001438261,12.9578747953154,3.90590222710089,0.741715411082109,5.26603892644277,1.39398738629185e-07,3.77030025886124e-05,Ddn
ENSMUSE00001445788,12.1337036344237,1.24784225611206,0.547177495522448,2.28050726925568,0.0225776201515017,0.401263130137532,2210020O09Rik
ENSMUSE00001447851,13.4547547053492,1.64926518707928,0.599971527508143,2.74890575879352,0.00597945754062383,0.19455716170714,Taf11
ENSMUSE00001452050,496.522727640164,0.505023709976132,0.203505046218968,2.48162745523635,0.013078392922588,0.31182779819559,AC126438.2
ENSMUSE00001452693,1133.23887215928,0.457572525057498,0.213432734556132,2.14387228842424,0.0320431211578455,0.470854352497713,AC151410.1
ENSMUSE00001453572,177.277235912227,1.13430647021797,0.326737617287442,3.47161272593869,0.000517342076712207,0.0336653194188849,Fez2
ENSMUSE00001458790,26.2327994409493,2.09705716405322,0.515417667472362,4.06865595884075,4.72851062071981e-05,0.00518041258510506,AC120164.1
ENSMUSE00000143882,62.2918939490459,0.859178973058121,0.438097467773048,1.96115941373852,0.0498604297176666,0.570563511119484,Csf1r
ENSMUSE00000247399,372.997056305901,0.416330313353879,0.198251327054496,2.10001274412371,0.0357277200758577,0.492393976523166,Pdzk1
ENSMUSE00000252046,7.04599436437449,1.58981966273549,0.755091102071026,2.1054673513898,0.0352506464002191,0.489729940610131,Il10
ENSMUSE00000261043,143.590736074992,0.931140881742599,0.324591884353863,2.86865114818302,0.0041222618418632,0.157148552526346,Prss12
ENSMUSE00000273991,46.4625703739776,1.38526198948605,0.549874700873057,2.51923208557625,0.0117611106380798,0.29763863325316,Tssk1
ENSMUSE00000281547,2.23868752718225,3.56749511114738,1.81516143287366,1.96538723583364,0.0493694356882543,1,Ubr4
ENSMUSE00000295211,36.3741061880126,1.6222282514907,0.510784076049301,3.17595697978283,0.00149343096616744,0.0752174938199656,D10Wsu102e
ENSMUSE00000300256,169.139136609085,1.02402263092946,0.348209222433178,2.94082570178327,0.00327338667579292,0.13148693128376,Gper1
ENSMUSE00000347248,165.248880455688,0.768840934296939,0.35845501588808,2.14487425260913,0.031962902352051,0.470474353498302,Smcr8
ENSMUSE00000359230,5.54321642301854,3.34248509326082,1.04525235257136,3.19777811074828,0.00138490797958028,0.0710297636574563,Il18r1
ENSMUSE00000403511,169.664626610547,0.604773186022226,0.236541114790933,2.5567360099607,0.0105659368985715,0.27795800564479,Rnf213
ENSMUSE00000421267,32.6018180282717,0.981496863246259,0.500653088880213,1.96043305243862,0.0499451957860169,0.570563511119484,Acsm4
ENSMUSE00000431243,411.045569954854,0.843756253327285,0.346373161741905,2.43597468430882,0.0148517238981469,0.323308289729798,Wdr38
ENSMUSE00000433014,23.9430378713933,1.46194260376818,0.630247191156463,2.31963366799875,0.0203607029294653,0.378174951728306,Noxo1
ENSMUSE00000441523,95.6128386158204,0.88591846209103,0.447997722015383,1.97750662236762,0.0479843926976336,0.567005677478662,Ptgdr2
ENSMUSE00000448198,40.6167791930834,0.924514546120922,0.452314118822386,2.04396570358654,0.0409569354086465,0.533315559823562,Topbp1
ENSMUSE00000473526,2.17333848448648,4.64117405238787,1.73826016857709,2.6700111619005,0.00758487255013289,1,1600002K03Rik
ENSMUSE00000491416,6.37754941310997,1.60415823683464,0.806124814602671,1.98996260600824,0.0465950548937345,0.561270447742591,S100b
ENSMUSE00000495087,7.52626023873044,2.46458506226094,0.789312191068381,3.1224464668726,0.0017935472010289,0.0834578012091674,Ube2d2b
ENSMUSE00000495288,96.8060967591594,1.13204209881414,0.456406130878484,2.48033937807802,0.0131257385967784,0.312096888887684,Pebp4
ENSMUSE00000502926,3.62896512146096,3.87386465358739,1.57306470762164,2.46262257033558,0.0137925020955186,0.319182100632923,Lrrc10
ENSMUSE00000512863,233.867411438131,0.815808644485607,0.206538871313975,3.94990366363257,7.81826542398213e-05,0.00719862630261334,Pde8a
ENSMUSE00000551180,71.4313817365744,1.04071176617706,0.359513584032678,2.89477731134206,0.00379427600410691,0.147262147154912,1500035N22Rik
ENSMUSE00000584362,126.130660671266,0.828935716830248,0.36691454738272,2.25920646303948,0.0238705449909571,0.411527370685167,Trcg1
ENSMUSE00000597991,47.3886201380022,1.16246896095691,0.405421613048657,2.86730880530881,0.00413978855875295,0.157148552526346,Gm10300
ENSMUSE00000637291,8.510431320072,1.93224983975666,0.949880814680529,2.0342024071794,0.0419311919574151,0.534727944470289,Gm5544
ENSMUSE00000649072,21.503892335027,0.94491455376225,0.432610828359248,2.18421382873379,0.0289465392373342,0.451409544322752,Tmem253
ENSMUSE00000654028,30.0753955600385,3.12802368766388,0.764337196590399,4.09246560499419,4.26810567709369e-05,0.00473595572246742,Gm5127
ENSMUSE00000656157,4.81234423565733,2.19413075853512,1.00641237320126,2.18015081785599,0.0292462838923125,0.45363187650173,Lif
ENSMUSE00000671125,20.0401156131647,1.52932750423731,0.600264233977788,2.54775716704438,0.0108417910107707,0.282637654211507,Dnhd1
ENSMUSE00000676114,629.751567484215,0.936110502711385,0.379131206645159,2.46909377625441,0.0135455715751711,0.316856545900286,Gm12353
ENSMUSE00000681720,19.2613699693177,2.07662676966187,0.806991820663712,2.57329345414423,0.0100735754153575,0.271593357007021,Cox4i2
ENSMUSE00000684412,33.7227334571222,0.930414509475455,0.459599645972353,2.0244021457132,0.0429287911702636,0.541616162651067,Gm3086
ENSMUSE00000685433,6.22256971782307,2.57764712675027,0.853986666540891,3.01836928811915,0.00254139008665944,0.107822211764889,Gm8818
ENSMUSE00000697950,2.09885226161937,3.26600901537616,1.32189118618122,2.47070942715887,0.0134845336477284,1,Gm15402
ENSMUSE00000700233,159.576248098287,1.09405490715944,0.296310498965708,3.69225832691828,0.00022227152238273,0.0160313335518544,Gm14661
ENSMUSE00000709104,1.53816056810418,4.77772690568615,1.9362805164818,2.46747662077766,0.0136069106636211,1,Gm16007
ENSMUSE00000710690,50.1117006546534,1.38622337973886,0.372172177873647,3.72468298855343,0.00019556081598821,0.0149952052129317,Gm15580
ENSMUSE00000713444,34.8722998545117,4.46643185029431,0.561346306120193,7.95664245332716,1.7677058633529e-15,1.91243678091492e-12,Gm21987
ENSMUSE00000713487,25.2538426603926,1.16584589746512,0.493532733605685,2.36224634777031,0.0181645671699104,0.356002191995888,Gm13666
ENSMUSE00000721892,31.2851551477026,0.997288702726423,0.376976880464354,2.64549035871372,0.00815726115711511,0.236124064598098,Gm13038
ENSMUSE00000721923,42.7659562636498,0.94109149327545,0.421703172371409,2.2316443293118,0.0256384793517832,0.421125727924635,Gm11573
ENSMUSE00000722105,13.7371445636117,1.42673201388642,0.616743282230728,2.31333207023514,0.0207043887485593,0.381269116210172,Gm15467
ENSMUSE00000724606,25.1143036671332,1.10958849529439,0.463371190730913,2.39459965895625,0.0166385211148753,0.338772766780863,Amz2
ENSMUSE00000733546,211.677419031029,1.13197021594148,0.293391310060035,3.8582268019794,0.000114212639283343,0.00998495346461949,Gm13833
ENSMUSE00000739889,119.913165387754,0.664327546125333,0.240235850225751,2.76531394253214,0.00568680359586913,0.190035849892847,Gm11583
ENSMUSE00000740055,2696.76862028785,0.761602138442344,0.321767975160558,2.36692958042924,0.0179363452216574,0.35374078938843,D630008O14Rik
ENSMUSE00000741662,11.4855804459838,1.96550429665578,0.730554423358917,2.69042830186265,0.00713603673104453,0.21519999270798,Gpr146
ENSMUSE00000746552,13.4445384743198,2.555206588479,0.610545761966184,4.18511886848626,2.85016913502403e-05,0.00342614081439347,Fam71b
ENSMUSE00000747089,61.920980830835,0.700245633793832,0.321480197714271,2.17819212123356,0.0293917364024087,0.455072412455899,Armh2
ENSMUSE00000754468,56.3871378216619,2.75708739163573,0.825599577268758,3.33949709707544,0.000839302281561173,0.049754529088438,Tada1
ENSMUSE00000756990,10.7900761408717,1.83423693348917,0.721982818880741,2.54055482418918,0.0110676740319117,0.286337918105859,Tmem80
ENSMUSE00000758611,192.1064106843,0.698777268326006,0.256000074745334,2.72959790742695,0.00634116163495986,0.201273893137966,Gm15687
ENSMUSE00000763574,2.84659124198035,2.18266795921045,1.10793613206009,1.97003048826651,0.0488348764789998,1,Gm16325
ENSMUSE00000764510,68.814993189827,0.848720598431622,0.346490745719266,2.44947551678414,0.0143064435636013,0.322453825632733,Gm11769
ENSMUSE00000766287,170.02297243855,0.580580779821322,0.196169742396777,2.95958373971368,0.00308054967651348,0.125764893633133,Gm14540
ENSMUSE00000766808,372.645704428656,1.0225565565155,0.44346403574239,2.30583874699934,0.021119644282604,0.388090278696259,Kdm6bos
ENSMUSE00000766963,22.2704876045503,1.26446448476097,0.563154464177759,2.24532444505642,0.0247473118540845,0.416876614151487,Atg4b
ENSMUSE00000773463,1.25321437304347,3.76413882938755,1.91587655956709,1.96470843102653,0.0494479935796948,1,Ankrd16
ENSMUSE00000779827,94.718098593452,3.18353973045353,0.369088040797231,8.62542097971281,6.38573154706065e-18,1.1053701307962e-14,Gm16267
ENSMUSE00000787456,284.893830623722,1.42792612174081,0.30251586584044,4.72016936293174,2.35648356204915e-06,0.000485603934036556,Gm13748
ENSMUSE00000794480,162.216376643935,1.16718746976127,0.498746273140385,2.340242990513,0.0192711970912466,0.368875927194439,Nr6a1os
ENSMUSE00000795956,71.0942497865808,0.722321640017689,0.322828470075708,2.2374781252976,0.0252551074462929,0.421125727924635,Gm13919
ENSMUSE00000797760,104.539359362171,1.59664624219319,0.403266534394202,3.95928277210436,7.51751862213893e-05,0.00714990370050686,Gm16731
ENSMUSE00000803521,57.0092143594727,0.916284312261174,0.417177681121955,2.19638862222189,0.0280641393353658,0.44464349644572,Gm12289
ENSMUSE00000805389,1.45522232353484,4.09104698265054,1.79194848037972,2.28301596136493,0.0224294281796773,1,Dnajc12
ENSMUSE00000805773,6.58344675271587,1.62280345042029,0.798225928441257,2.03301270053859,0.0420512398809799,0.534727944470289,Mto1
ENSMUSE00000805980,9.90901476505639,1.76402354457827,0.777897590378808,2.26768094720445,0.0233486599439734,0.4074247012401,Zbtb11
ENSMUSE00000811456,106.83023965627,1.02220692624702,0.475758854279543,2.1485820327926,0.0316675472115929,0.469393631188788,Fam69b
ENSMUSE00000820154,51.3805242919671,1.07440285613899,0.459617036209713,2.33760450874315,0.0194077738421603,0.368875927194439,Gm15945
ENSMUSE00000821791,991.745920011496,1.0945787682122,0.262178792197458,4.17493252996539,2.98074382072895e-05,0.00353401887238481,Gm7580
ENSMUSE00000824091,98.1581084043114,1.02386726296474,0.513630572976642,1.99339236570581,0.0462184991943119,0.561270447742591,Gm13184
ENSMUSE00000824640,28.536312596319,1.45228067653582,0.431911314038328,3.36245110820815,0.000772538051827395,0.0464327558233757,4933423P22Rik
ENSMUSE00000831222,101.57463605079,0.728841878280407,0.251578024811077,2.89708085126962,0.00376652672182511,0.146843643141425,Gm11399
ENSMUSE00000831691,1804.38365338063,0.969907827240231,0.299961141328377,3.23344491538136,0.00122306920320863,0.0649427236427648,a
ENSMUSE00000835721,29.8047882877598,0.778003748492376,0.395463864486148,1.96731944018017,0.0491463952378551,0.568616409180837,Usp46os2
ENSMUSE00000841584,60.3985091439122,1.12498814392067,0.443911514441136,2.53426213856377,0.0112684400108037,0.288545409152384,Gm16059
ENSMUSE00000845859,16.1638051156588,1.37309703822649,0.619817862573115,2.21532343796322,0.0267378722242367,0.433342026729917,Tomm6os
ENSMUSE00000858536,371.781090311439,0.776869002302272,0.329845377868797,2.35525204967792,0.0185101455911101,0.360822770475356,Gm16549
ENSMUSE00000886000,809.839442903771,1.01319053750211,0.360978656277156,2.80678793575039,0.00500381707792469,0.173232147237753,Gm17231
ENSMUSE00000894110,17.1961281074345,1.2478178063228,0.547024764972632,2.28109929608988,0.0225425717900505,0.401263130137532,Gm17231
ENSMUSE00000894164,71.7427192624764,1.62101631043739,0.403310943874189,4.01927181758563,5.83782895485814e-05,0.00589725103563169,Gm17359
ENSMUSE00000907455,9.98587492595855,1.89067635424283,0.758738301671911,2.49186886977585,0.0127072942028797,0.309558028455984,Cish
ENSMUSE00000908210,125.228395477349,0.86195980364062,0.396922879753588,2.17160523519261,0.029885451807627,0.455883657035495,Gm17056
ENSMUSE00000909564,145.466286002071,1.40164300509131,0.41417347290013,3.38419309009992,0.000713877797657873,0.044132945276635,Gm17034
ENSMUSE00000927724,426.510797195089,0.434323619073381,0.206488377801726,2.10338045994253,0.0354325251352753,0.489797676277473,Gm20536
ENSMUSE00000932373,363.219753345268,1.00003525582341,0.319126777543245,3.13366137283135,0.00172639960766722,0.0812064598063031,Gm20468
ENSMUSE00000935279,13.8504982108986,1.61236142735132,0.634770097709861,2.54007148913982,0.0110829812322892,0.286337918105859,Zbtb12
ENSMUSE00000939074,341.213983539088,0.803348151559803,0.256599400592016,3.13074835602246,0.00174361497842438,0.0815729061527728,4930556N13Rik
ENSMUSE00000939471,8.68584926662488,2.16179186064968,0.967924203604726,2.23343093663612,0.0255205399690554,0.421125727924635,8430429K09Rik
ENSMUSE00000939560,893.0997157363,0.931669316804398,0.395831361876361,2.3537026282809,0.0185874742147504,0.361515931075652,1600012H06Rik
ENSMUSE00000947267,56.680661347899,0.942897080777523,0.330375195812704,2.85401898425833,0.00431699515052666,0.162450404468731,Vps35l
ENSMUSE00000999048,117.750605149157,0.858045965753182,0.387957524748715,2.21170079458815,0.0269873455722091,0.433342026729917,Styx
ENSMUSE00001019660,11.4727674437917,1.21009886864424,0.595002858622547,2.03376984010742,0.0419748067464233,0.534727944470289,Gm26285
ENSMUSE00001028510,3.5247537318345,2.03026573397953,1.02997383238348,1.9711818593306,0.0487030781160381,0.568601296746431,Scgb2a2
ENSMUSE00001059081,2224.56466236437,0.578961999951032,0.209606195707886,2.76214163420003,0.00574235620972555,0.191022101306941,Gm11655
ENSMUSE00001077619,16.5717958203555,1.47223860532568,0.590722721250976,2.49226676469785,0.0126930664336541,0.309558028455984,Rps19-ps4
ENSMUSE00001085380,1.37559860474978,3.78872511642741,1.91949678739339,1.97381164756851,0.0484031639372014,1,Asb15
ENSMUSE00001089826,5.85843372829224,1.86088460687455,0.94242106161493,1.97457875536625,0.0483159719263723,0.567642394784474,Gm21976
ENSMUSE00001098188,31.2390154661007,1.03068949986166,0.474715772717954,2.1711718023619,0.0299181880064889,0.455883657035495,9930014A18Rik
ENSMUSE00001110862,52.4804534203847,1.5471051701206,0.441423142617653,3.50481209695128,0.000456929655483795,0.0299600467288806,4833407H14Rik
ENSMUSE00001111766,6.82444719211041,1.764214046389,0.75922402639187,2.32370681783246,0.0201412128099817,0.377320772446734,9530082P21Rik
ENSMUSE00001132139,117.224922636681,0.588579118334725,0.281467050109622,2.0911119724511,0.0365180277259949,0.498522917931365,1810014B01Rik
ENSMUSE00001147624,111.628960320817,0.85052551290601,0.367152432026632,2.31654604113943,0.0205284736294133,0.378835691391413,Gm26811
ENSMUSE00001149682,22.9814204816542,1.0353242538607,0.514539039128289,2.01213936189313,0.0442052484063966,0.552852177353802,4930507D05Rik
ENSMUSE00001150696,530.56711843214,0.711004255851193,0.23651736123681,3.00613981203397,0.00264587311092434,0.111707472073415,Peak1os
ENSMUSE00001152070,519.44720232544,0.572616277649575,0.281190402774931,2.03640050299976,0.0417101549809601,0.533671927083247,Gm17638
ENSMUSE00001156394,24.7611953151072,1.41961715640066,0.712061099363642,1.99367323628456,0.046187776053832,0.561270447742591,Pvt1
ENSMUSE00001158605,31.8969926999228,4.71336265973398,0.667805620443694,7.05798591003531,1.68933183537122e-12,1.12470515654907e-09,Gm26742
ENSMUSE00001171374,18.1761278707684,1.47012064967144,0.526860743232023,2.79034008237736,0.00526527037028188,0.180836964503134,Gm26702
ENSMUSE00001187900,101.157569310064,1.31881190283256,0.304189344796402,4.33549670753676,1.45431351382583e-05,0.00193647437879424,Gm26649
ENSMUSE00001190597,137.831557095417,0.950618457300664,0.306426259884082,3.10227477782183,0.00192039614518593,0.0878640090671369,Gm26666
ENSMUSE00001192457,65.5195673038549,0.93309068309,0.431813208168588,2.16086647059139,0.0307056556016094,0.462992071832629,4930509G22Rik
ENSMUSE00001206782,25.5326347731761,1.04559296820213,0.524258410943843,1.99442287691619,0.0461058605049489,0.561270447742591,Dph5
ENSMUSE00001222559,17.7597550587052,2.98005633689187,0.908244935959352,3.28111527948585,0.00103397474613659,0.0577358156633047,Rprd1b
ENSMUSE00001229712,182.774023010631,0.777656895967818,0.344013958071235,2.26053878839064,0.0237878318996888,0.411527370685167,Fam57a
ENSMUSE00001253080,81.8137371319729,1.44673135701538,0.431726177820929,3.35103922657071,0.000805088972177988,0.0480554831324172,Mto1
ENSMUSE00001266550,4.15415639124513,2.11351689905495,1.02969360240756,2.05256873900475,0.0401144220045087,0.528447979374463,Kank3
ENSMUSE00001268891,111.536014916781,1.02876276608175,0.257677053772844,3.99245004946641,6.53941109344304e-05,0.00637490882911406,Ttc39a
ENSMUSE00001273133,21.3918557101781,1.24632513640757,0.518744324282756,2.40258076679838,0.0162798390918496,0.336085560518911,Pstk
ENSMUSE00001273541,262.525360775081,0.517333159843732,0.259900041335189,1.9905081860935,0.0465349831351829,0.561270447742591,Rad51
ENSMUSE00001289474,173.20515844007,0.741036834001836,0.304693214765512,2.43207527470583,0.0150125869516513,0.323308289729798,Tlcd1
ENSMUSE00001295045,25.321958468239,1.40652188220033,0.662807895976569,2.12206567051829,0.0338322237303297,0.485601818218911,Slc25a35
ENSMUSE00001307430,3.56024886321776,2.93812165295136,1.41249292635473,2.08009654287889,0.0375166786382599,0.505773915286822,Armc9
ENSMUSE00001316158,82.8685776139432,1.14458393992386,0.434580312296115,2.6337685061627,0.00844430390727178,0.241206106658209,2810039B14Rik
ENSMUSE00001323405,66.6457911734073,0.895023948553458,0.423471065728789,2.113542154322,0.0345543909549017,0.486529812823521,Bzw1
ENSMUSE00001329624,4.30538007280429,2.46636160478373,1.14893104877601,2.14665763224976,0.031820548068815,0.469977548695552,2010320M18Rik
ENSMUSE00001333674,16.7730234998919,1.15794767331001,0.584106287992143,1.9824263102704,0.0474315473169111,0.563901156631684,Gm28995
ENSMUSE00001335049,13.9872866222457,1.85339263181404,0.901128234628659,2.05674682092033,0.039710585847984,0.525527707208412,Gm29491
ENSMUSE00001338084,2.53726061133505,3.63105445780279,1.81744046047019,1.99789458679895,0.0457280896461966,1,2610300A13Rik
ENSMUSE00001339478,381.932520532055,0.639471555315259,0.313491137877962,2.03983933850212,0.041366330268047,0.533671927083247,Gm37422
ENSMUSE00001339544,62.0234636527013,0.619842900125666,0.312123517228919,1.98588977091098,0.0470455647891518,0.561626707931184,Nme7
ENSMUSE00001341565,68.1300444840829,1.34054863615589,0.329771329106867,4.06508546327101,4.80148643518891e-05,0.00519460813707,Gm37787
ENSMUSE00001349874,329.111336542738,0.629638273874645,0.297120200352546,2.11913654180211,0.0340789293155629,0.485919494606584,Gm43361
ENSMUSE00001350637,10.524504758736,1.47591988423632,0.691248839760914,2.13514989008417,0.0327487685411025,0.474774860507943,Gm36548
ENSMUSE00001356059,12.5648870113808,1.39701966887093,0.613959343927449,2.27542700129671,0.0228803271404834,0.403318190225832,Cdk6
ENSMUSE00001360035,674.187512809182,0.731982947079773,0.314374132964555,2.32838160117424,0.019891849744758,0.374436131726368,Gm43599
ENSMUSE00001363061,114.642400165021,0.848229627434423,0.358303878163113,2.36734704570593,0.0179161238882697,0.35374078938843,Platr31
ENSMUSE00001364796,8.71363464361059,2.31572013572901,0.75557461643074,3.06484639024568,0.00217781820108354,0.0971262297971182,Gm8774
ENSMUSE00001366180,15.255326006898,1.80260899396038,0.835589967753895,2.15728893778593,0.0309831583993232,0.465357205439008,Gm44207
ENSMUSE00001369153,54.8781295420046,1.1537375758232,0.493574044063279,2.33751671041131,0.0194123330840071,0.368875927194439,5730507A11Rik
ENSMUSE00001369189,225.922861374287,0.820474250793696,0.387046574083716,2.1198333888785,0.0340200984616935,0.485919494606584,Serbp1
ENSMUSE00001371370,191.936845188762,3.23652467097286,0.367038029243741,8.8179545799151,1.16569517940281e-18,2.52227294443282e-15,Gm44851
ENSMUSE00001374677,3.87271333905061,2.83205399664501,1.13684344387154,2.49115567487499,0.0127328316730595,0.309558028455984,Lrrc32
ENSMUSE00001385111,99.1673787927933,0.912730183568817,0.402979580970249,2.26495392488931,0.0235155070957318,0.408688180549315,4933421D24Rik
ENSMUSE00001393626,226.889345799293,0.52060239973501,0.261378035343105,1.99176032160326,0.046397361683386,0.561270447742591,Gm45854
ENSMUSE00001393759,8.35577814756485,2.44437858691471,0.860011450945531,2.84226283757881,0.00447945449485936,0.166307667426337,Gm34655
ENSMUSE00001406426,196.09110556491,0.974943836200245,0.25307830653551,3.85234060377059,0.000116994132880881,0.0100475467081748,Gm48882
ENSMUSE00001408020,1.42834065861585,5.3055405078661,2.42929810263837,2.18398083878794,0.0289636560876344,1,Gm48868
ENSMUSE00001412524,21.1205838782856,1.08487919442697,0.477636059450178,2.27135111129551,0.0231257314366823,0.40599027501924,Gm48045
ENSMUSE00001412672,107.265574066597,0.626790746811457,0.25251271914658,2.48221455509183,0.0130568631295102,0.31182779819559,Galnt16
ENSMUSE00001412676,58.4534244712161,0.938670200385705,0.462197733844613,2.03088447140954,0.0422667153839796,0.536390647578216,4921516A02Rik
ENSMUSE00001418653,50.7956246956862,1.11811982151314,0.418480087622474,2.67185907904378,0.00754323190542487,0.224352825228358,Gm48649
ENSMUSE00001419105,71.1618771806174,0.999428925787416,0.401981271725767,2.48625743556837,0.01290945418863,0.31182779819559,Gm48062
ENSMUSE00001426508,17.7435068280166,1.23937537403524,0.570307518553085,2.1731703225299,0.0297675005339702,0.455883657035495,Gm48250
ENSMUSE00001426720,16.7188773379674,1.35059841418683,0.591926561840734,2.28169928713256,0.0225071002008169,0.401263130137532,Gm10734
ENSMUSE00001427254,549.841770930901,0.679228286259426,0.189017854505375,3.59346098831162,0.000326314524298457,0.02197766770672,Gm41077
ENSMUSE00001430328,53.66149327805,0.872782402155467,0.353203904857132,2.47104403477221,0.0134719228765625,0.316770679333478,Gm49309
ENSMUSE00001430598,32.1942497899006,2.50927890055961,0.693045150137656,3.62065718238012,0.00029385566390984,0.0203465661691173,Gm49067
ENSMUSE00001430788,25.6405293630631,1.36887058554691,0.572544916323213,2.39085274625712,0.0168092931553945,0.339867357770311,1700085D07Rik
ENSMUSE00001432105,7.49565038232991,1.86500579917565,0.77056968740695,2.42029478923781,0.0155079295620087,0.32736861063216,Gm49086
ENSMUSE00001432969,44.5443334375238,0.905829135751364,0.328507713254077,2.75740598836646,0.00582619639891683,0.192464617681775,D730044K07Rik
ENSMUSE00001433070,8.25138697706601,2.40707505542265,0.767659178024823,3.13560382566652,0.00171500709825604,0.0811114012863718,Gm18368
ENSMUSE00001433393,6.23655225529857,2.42598974079117,1.14665999250069,2.11570104185849,0.0343702419187952,0.486529812823521,Gm4240
ENSMUSE00001433835,505.53421595347,0.648808979019177,0.29948745638787,2.16639784131358,0.0302807987802415,0.45898478711557,Gm49356
ENSMUSE00001435209,40.3977752172756,0.852341869160919,0.378907580136953,2.24947167552797,0.0244825029196437,0.414962267758191,Tmem253
ENSMUSE00001442197,58.2596201813475,2.87513323544522,0.754915462799557,3.80854993323752,0.000139784121082773,0.0116329958458789,Gm41333
ENSMUSE00001443597,1396.88662004426,0.63609674093899,0.311237874514428,2.04376392793256,0.0409768743249762,0.533315559823562,2610020C07Rik
ENSMUSE00001444427,39.2618590730862,1.0005947454196,0.363831109615349,2.75016269630559,0.00595656815392148,0.194543763668643,Ydjc
ENSMUSE00001449446,327.221123040496,0.63273313793486,0.213975203992035,2.95703953603153,0.00310608288375191,0.126211959431328,AC154912.1
ENSMUSE00001451180,134.547527794301,0.693235556061157,0.297739156195662,2.32833183555337,0.0198944900922798,0.374436131726368,AC160993.1
ENSMUSE00001452045,22.9481621268659,1.29824024968487,0.52972029811349,2.45080329054472,0.01425378249635,0.322453825632733,Elp2
ENSMUSE00001453933,184.0733190059,0.911527865984348,0.371803689781875,2.45163749321345,0.0142207845783456,0.322453825632733,AC165360.1
ENSMUSE00001459344,362.187378652405,0.444426235729643,0.226419081206623,1.9628479780115,0.0496638410353888,0.570563511119484,Ldlrad4
ENSMUSE00001459384,55.5700461652975,1.09651989420918,0.504285899553463,2.17440125765985,0.0296750137295249,0.455883657035495,CR974462.2
ENSMUSE00001460831,122.032936493214,0.626788610906555,0.280893371570444,2.23141118425917,0.0256539046884415,0.421125727924635,1700054A03Rik
ENSMUSE00001462663,3.61897907226071,2.69120459370806,1.12709730154017,2.38773049144076,0.016952768622171,0.339970552587485,AC157910.5
