,baseMean,log2FoldChange,lfcSE,stat,pvalue,padj
ENSMUSE00000102616,12.2481716383865,2.00287893881252,0.75910956979277,2.63845829181061,0.00832839445187608,0.0444567147514609
ENSMUSE00000136286,38.5957690154698,2.04305686217103,0.513437589292925,3.97917274616493,6.91554802817395e-05,0.000795858270828534
ENSMUSE00000146649,64.9788893468965,3.134652936897,0.589768810188627,5.31505376809336,1.06625837714949e-07,2.46524075391551e-06
ENSMUSE00000151494,26.4911808692327,3.98968077200156,0.560137813072363,7.12267709640617,1.05850610889922e-12,5.93072473862077e-11
ENSMUSE00000185228,155.201907634688,1.21521121664334,0.410157857037117,2.9627890720459,0.00304865399695379,0.0197148004049008
ENSMUSE00000188522,16.4572884673483,2.18987130874916,0.726432602328339,3.01455537888891,0.0025735622323675,0.0172078952052726
ENSMUSE00000219302,34.9100990800372,1.7376459523346,0.60255356057588,2.88380330982341,0.00392904073509451,0.0241854985425706
ENSMUSE00000222185,17.7896044250604,2.44241641690791,0.681744331135996,3.58259879159991,0.000340192895828088,0.00310501863064971
ENSMUSE00000226239,2550.61237570721,0.631344111267621,0.216081879162006,2.9217818436051,0.00348035223404353,0.0220554394463341
ENSMUSE00000238112,10.5185256719795,2.04239925893776,0.709480292591056,2.87872585083205,0.00399285264934751,0.0244864269840705
ENSMUSE00000240815,16.490178626389,2.22138872990531,0.67343033035173,3.29861699092924,0.000971623829518848,0.00752591777536496
ENSMUSE00000247114,47.2039779269773,2.17734049911971,0.545336817417366,3.99265266818271,6.53382393041161e-05,0.000756465045095619
ENSMUSE00000259488,30.3493443640073,1.29593223386051,0.476017961511293,2.72244398036179,0.00648010188612056,0.0365207504242741
ENSMUSE00000273349,94.8924573466618,2.08722445535551,0.442931330646594,4.71229807182203,2.44938748839882e-06,4.14129919844699e-05
ENSMUSE00000283485,20.4121928113161,2.25256809056547,0.578197335143175,3.89584654520708,9.78563341982742e-05,0.0010807844910877
ENSMUSE00000305463,31.4219380594071,1.56993588517896,0.566511058472926,2.77123608038799,0.00558439220943599,0.0324249580935179
ENSMUSE00000330981,498.925722241515,2.38394883512544,0.628115122473759,3.79540111331269,0.00014740494070773,0.00154362936544684
ENSMUSE00000340228,12.3528629682263,3.82685056763139,0.919780799779013,4.16061149411994,3.17396619460571e-05,0.000403366962082672
ENSMUSE00000343014,65.2445746123165,1.45380460395292,0.456897241421649,3.18190716019506,0.0014630871014375,0.0106755290785497
ENSMUSE00000344159,6.89050880827789,2.7021474028528,0.934370167452309,2.89194528783018,0.00382864614062302,0.0236894601923374
ENSMUSE00000351424,30.7309497213556,2.06851492355719,0.651836247109966,3.17336590704847,0.00150682488517923,0.0109219903858695
ENSMUSE00000352917,80.1935009830454,2.41003743090332,0.462111382487631,5.21527389766866,1.83545820681884e-07,4.09563290568064e-06
ENSMUSE00000356165,19.7810185634156,1.89433977630454,0.657291694514072,2.88203820634764,0.00395111821636306,0.0242824527052064
ENSMUSE00000359588,16.1134493793958,3.04033120632122,0.798259736128966,3.80869918488539,0.000139699786904745,0.00147096785223707
ENSMUSE00000362772,18.5237374484715,1.46378214827599,0.541583395161519,2.70278254716329,0.00687617149972001,0.0383307860797754
ENSMUSE00000365239,20.9612796879487,1.96586805354993,0.555040388267399,3.54184685494066,0.000397336086683385,0.00350569172572605
ENSMUSE00000367618,63.4476816640166,3.34028856822832,0.469608801006909,7.11291730705697,1.13615359517621e-12,6.31964854824103e-11
ENSMUSE00000375995,224.292786695299,1.23463360336962,0.256123162503405,4.82046836881925,1.43221565408685e-06,2.58067778421847e-05
ENSMUSE00000376851,43.4114811713255,3.43700891641488,0.681750698750289,5.04144538863726,4.62028715839713e-07,9.38236090684032e-06
ENSMUSE00000383093,9.67570878421908,3.21326866246109,1.10932254291563,2.89660449341963,0.00377224992898507,0.0234349885847304
ENSMUSE00000385719,63.6899751108145,3.45341386475684,0.555655265298635,6.2150294983722,5.13150089784651e-10,1.94036457595418e-08
ENSMUSE00000389145,484.366288584123,2.08392594934911,0.501949394449063,4.15166543160475,3.30064545838479e-05,0.000416022242012506
ENSMUSE00000389247,83.9346920757872,1.35980993325159,0.315436239684871,4.31088683598965,1.62601107551199e-05,0.000222482371045098
ENSMUSE00000389466,34.6119594748053,1.7862881652781,0.552773038799366,3.23150378165686,0.00123140694490052,0.00925786455343431
ENSMUSE00000391738,57.3854190652101,1.57988683814568,0.421012153563941,3.75259199709951,0.000175015573109584,0.00178884093101087
ENSMUSE00000396973,59.2617165490578,1.32067622284449,0.39390649877841,3.35276576278939,0.000800083872909613,0.00645787992476781
ENSMUSE00000403023,184.550081322988,0.937679323730553,0.362016940813411,2.59015316140646,0.00959332388257101,0.0495881172542862
ENSMUSE00000404993,7.19197379095091,2.5317455015862,0.962199678664485,2.63120593128883,0.00850824636836841,0.0451654904035933
ENSMUSE00000409338,32.5933459943636,2.13660290769035,0.643418340806149,3.32070563144558,0.000897901867630809,0.00709083820569351
ENSMUSE00000409402,40.3352167697978,1.88250632448817,0.386906014964126,4.86553905000086,1.14145270056651e-06,2.0961222319494e-05
ENSMUSE00000412963,106.211831799657,1.91667366631898,0.431491546324941,4.44197269365644,8.91378742366494e-06,0.000130826447923618
ENSMUSE00000414366,1680.36535934371,1.40891004994353,0.294788921776564,4.77938601441549,1.75831322770925e-06,3.08851540867189e-05
ENSMUSE00000414798,19.9038527217199,2.67880312367717,0.663504470283807,4.03735504981804,5.40572243689159e-05,0.000644321823378569
ENSMUSE00000415330,64.0778332454115,2.24735258908649,0.507905626766201,4.42474442229598,9.65565262996341e-06,0.000139842999221885
ENSMUSE00000422344,20.3531322156918,3.5625805948521,0.744889792531077,4.78269487724718,1.72960568559994e-06,3.04505808318008e-05
ENSMUSE00000426231,57.8188929418338,2.513174140541,0.5629810101236,4.4640478015222,8.04256092436196e-06,0.000120106415671989
ENSMUSE00000430448,210.552867103726,0.978911380372652,0.360290783275349,2.7170036698511,0.00658758772537208,0.036999053662298
ENSMUSE00000438720,168.961356725729,1.6968291746218,0.588349544936458,2.88404943834036,0.00392597113642535,0.0241854985425706
ENSMUSE00000439205,218.169750960614,1.98596783387057,0.31931706705857,6.21942275796456,4.9898718997129e-10,1.8961513218909e-08
ENSMUSE00000443592,20.2088043129405,2.36805387243788,0.56407555886023,4.19811465900555,2.69146357483584e-05,0.000347805966337372
ENSMUSE00000444198,103.497945743052,2.63814942941037,0.31886683951844,8.27351452849271,1.30066944441785e-16,1.21755349455505e-14
ENSMUSE00000446656,8.86484522416521,4.01377373407858,1.11148971049094,3.61116589401958,0.00030482359309762,0.00284997064630613
ENSMUSE00000463257,368.081940749532,0.912306421480839,0.284155279798386,3.21059113217301,0.00132462259333463,0.00984298453672468
ENSMUSE00000463804,34.7391512082652,2.15014298648425,0.717728594171097,2.99576051998798,0.00273761339481501,0.0180531962359107
ENSMUSE00000472963,425.165128149426,2.16607044055832,0.459988996783131,4.70896142235234,2.48982184678579e-06,4.20041153756654e-05
ENSMUSE00000481592,6.75501092245021,4.18246590833872,1.03174820446703,4.05376611292408,5.03996073903788e-05,0.000606375213681109
ENSMUSE00000484226,23.7935820018579,1.89520107018233,0.52704348612913,3.59591024281816,0.000323259253395272,0.00298237743877658
ENSMUSE00000499287,15.7724026823347,2.51733825960414,0.716966603901684,3.51109555996745,0.000446263947239893,0.00388381185829186
ENSMUSE00000503751,22.5164287223092,1.64357324405478,0.622843995016123,2.63882008529638,0.00831951203346139,0.0444567147514609
ENSMUSE00000506417,123.872353816757,2.55895079822057,0.384272282286784,6.65921253282278,2.75298595088833e-11,1.31254162478378e-09
ENSMUSE00000513421,8.75956157058176,3.69258207803933,1.07400016637806,3.43815782682057,0.000585686225409064,0.00494035985301096
ENSMUSE00000518943,31.7526626729441,3.3828921732226,0.563345946473109,6.00499958223109,1.91332397219592e-09,6.54029923140679e-08
ENSMUSE00000519757,46.6775655545635,3.06188746758896,0.454999187979571,6.72943501544543,1.7032313335806e-11,8.43484110746111e-10
ENSMUSE00000546404,36.9623045265571,2.58812742258503,0.71017706447241,3.64434104121308,0.000268077757647086,0.00255622964931557
ENSMUSE00000555729,13.2328605429773,2.57047598862592,0.842195183193891,3.05211433159449,0.00227235530678475,0.0155183268103912
ENSMUSE00000558391,8.59292984867838,2.55699909725932,0.927701218138664,2.756274377207,0.0058463931712034,0.0335905044776626
ENSMUSE00000575521,12.9941466808857,2.05047679553441,0.748378726074971,2.73989188106478,0.00614593983387394,0.0349972063537213
ENSMUSE00000578062,52.095153335551,1.55101370046383,0.428804304771753,3.61706653409044,0.000297960733183281,0.00279944502804757
ENSMUSE00000582627,5.63860290258429,4.23904399969981,1.39445520880007,3.03992840569437,0.00236634392836272,0.0160743858354976
ENSMUSE00000584952,110.469340637791,2.09978264070762,0.496886485501619,4.22587995845337,2.3800885264044e-05,0.000311543238212151
ENSMUSE00000588648,31.5157741286787,1.98408070505415,0.65851767997008,3.01294978920581,0.00258721720251195,0.0172841420770076
ENSMUSE00000594504,24.5403115323506,1.9024434152689,0.654143684688869,2.90829592916388,0.00363404270510561,0.0228473516166892
ENSMUSE00000595989,135.526651102429,1.43145525453265,0.364169321083985,3.93074092642341,8.46844856792435e-05,0.000948213321777953
ENSMUSE00000607848,7.52413972350139,5.29752233560268,1.15058621328339,4.60419417027891,4.14066006481563e-06,6.64949992964903e-05
ENSMUSE00000608289,18.1334131737683,4.12815117741517,0.846479544689719,4.87684694014474,1.07795012767933e-06,1.98902528366984e-05
ENSMUSE00000616126,91.1044839710295,1.20141432113858,0.43467522564432,2.76393557824172,0.00571088131555935,0.0330292964067608
ENSMUSE00000621556,46.4903253463851,1.46359839105321,0.512919073066926,2.85346844737481,0.0043244822097528,0.0262201622765106
ENSMUSE00000633413,12.0774954014732,2.7177967204362,0.852166130252904,3.18928038084501,0.00142627467665964,0.0104766358067363
ENSMUSE00000636173,128.261920634843,2.23400248805485,0.476387330608721,4.68946662624356,2.7391810316596e-06,4.60086512013547e-05
ENSMUSE00000645277,8.22933465796919,2.29890864955717,0.881781055497491,2.60711957375877,0.0091307468565978,0.0475815430218905
ENSMUSE00000649726,92.5235799905352,1.07988113339488,0.359988245826025,2.99976775885278,0.00270185529563507,0.0179116145232518
ENSMUSE00000659416,74.062283660305,1.26384722393611,0.478662111322884,2.64037448137101,0.00828144629168154,0.0443154762261747
ENSMUSE00000661306,52.9946028966933,1.58303441093668,0.561896010639615,2.81730850719992,0.00484279834553824,0.0288612733698382
ENSMUSE00000661431,81.1587697464955,2.46282978580982,0.363937334208225,6.76718092461688,1.31315827831706e-11,6.54532658724788e-10
ENSMUSE00000668911,104.813241714659,1.37495561804268,0.515884196348768,2.66524081911037,0.00769332086285535,0.0420474919728629
ENSMUSE00000672243,16.3875550444348,2.25327411237251,0.826835641160347,2.72517777440068,0.0064266873201579,0.0362729793158324
ENSMUSE00000673962,10.8303436115824,5.25170314971589,1.19471139193026,4.39579231033436,1.10369426216698e-05,0.000157545178062583
ENSMUSE00000674941,149.242008436115,1.04519876835876,0.36196882115681,2.88753811728432,0.00388269558181863,0.0239578547315432
ENSMUSE00000676894,33.6604986666102,1.96051529499695,0.557734182421195,3.51514279882597,0.000439517585431236,0.00383379202928428
ENSMUSE00000687007,209.412391343565,3.35325754580371,0.318680965147501,10.5223025926624,6.81865055220413e-26,2.27565050603126e-23
ENSMUSE00000690795,10.3529864878612,3.11881982466867,1.11607626429276,2.79445045509056,0.00519880063390749,0.0304981753577018
ENSMUSE00000696721,12.7582770680757,2.83971375528402,0.753173083429372,3.77033356310894,0.000163029498955133,0.00168654236385391
ENSMUSE00000698111,31.9713286509638,1.86589663444044,0.615115907103989,3.03340657084487,0.00241809574494082,0.0163824386038532
ENSMUSE00000699031,8.51306669100629,4.32134130446265,1.47568434575665,2.92836426495188,0.00340750576631217,0.0217056423450339
ENSMUSE00000704068,130.742548636907,2.01234477737215,0.357591563897727,5.62749511044868,1.82845344388075e-08,5.04863619972253e-07
ENSMUSE00000705304,10.9228683494572,3.89719842768078,0.925926937613678,4.2089697030791,2.56537780566208e-05,0.000333497401275675
ENSMUSE00000707116,196.483502798307,4.31497782674213,0.388275824896337,11.1131766390404,1.08239153467572e-28,7.55312492742801e-26
ENSMUSE00000716708,21.8318107592392,2.48462200099798,0.668548002013166,3.71644518197072,0.00020204545272293,0.00203530301194384
ENSMUSE00000723920,389.946668156486,1.63332754836176,0.37312262985272,4.37745507155776,1.20073102236021e-05,0.000170681691252536
ENSMUSE00000726139,126.762440256106,1.58612248364972,0.464454965587573,3.41501889562779,0.000637775870124575,0.00529250549089323
ENSMUSE00000729542,735.794366039474,0.846976954430971,0.233332985318395,3.62990664725447,0.000283523740853126,0.00268351200343847
ENSMUSE00000733987,30.9928185391445,3.39119131906571,0.561854270182496,6.03571334959191,1.58261975777582e-09,5.52190420940327e-08
ENSMUSE00000735021,454.794743165183,1.4094443205477,0.424754684886889,3.31825491441733,0.000905817760060889,0.00713866234725604
ENSMUSE00000735652,22.9098173381775,2.79353639334508,0.670234093353603,4.16800103284401,3.07282542768654e-05,0.000393116799715365
ENSMUSE00000736717,53.6341971099287,1.42523559403376,0.455966900721468,3.12574353923199,0.00177356148118033,0.0125012469509093
ENSMUSE00000740886,754.281325187711,0.772162546896628,0.246823412513475,3.12840074218839,0.00175760363755381,0.0124410952657383
ENSMUSE00000741820,13.0324091660111,3.62736403600333,0.80115578669889,4.52766377803953,5.96393742004408e-06,9.26704122191465e-05
ENSMUSE00000742199,23.6476081379703,3.01216500455307,0.836564559226718,3.60063664104701,0.000317438948754894,0.00293927788979803
ENSMUSE00000745177,334.373553523119,0.898970216372749,0.314805870865766,2.85563358110329,0.00429510507318441,0.0261245852153435
ENSMUSE00000745370,6.65623167027784,3.18565672415226,0.978083061497164,3.25704109349971,0.00112580133397018,0.00857306650749513
ENSMUSE00000747698,146.389433747031,0.795554871575496,0.285504934173541,2.78648379187705,0.00532832826511487,0.0311028500099025
ENSMUSE00000751498,295.432202424852,1.1285596762682,0.36774274201039,3.06888361711381,0.00214860276516365,0.0148049145649876
ENSMUSE00000752567,45.5560513191372,1.61233742528334,0.429007604542269,3.75829567637531,0.000171074654144576,0.00175089206028502
ENSMUSE00000756393,169.447717612565,2.17399277332455,0.286344366183321,7.5922316974546,3.14442100184976e-14,2.11724347457884e-12
ENSMUSE00000756571,6.1832931854974,3.77387440913552,1.42837689052212,2.64207187485093,0.00824005673757263,0.0441694661435807
ENSMUSE00000761444,90.7414832465789,1.44752167756239,0.321526547746689,4.50202848787095,6.730795707093e-06,0.00010271488637703
ENSMUSE00000764056,137.611157613275,2.52782106142594,0.447454493285117,5.64933663503346,1.61068168587618e-08,4.52878850578224e-07
ENSMUSE00000765912,27.5670200039125,2.15079305031075,0.560756084044516,3.83552334340792,0.000125297204393003,0.00135462160693055
ENSMUSE00000769717,42.8009367481147,1.07647635369928,0.363125445388382,2.9644751348888,0.00303199744985716,0.0196401792616908
ENSMUSE00000770565,73.100581913107,1.67486133361402,0.487760233976552,3.43377999464904,0.000595227098894039,0.00499886565767029
ENSMUSE00000778768,236.65442044006,1.66865866236181,0.334736351561239,4.98499387526643,6.19637757100992e-07,1.21026448435298e-05
ENSMUSE00000780393,383.376755402594,0.710137945159891,0.261864101158265,2.71185680671326,0.00669074890600201,0.0374603855597895
ENSMUSE00000782499,49.0926164855546,2.28062772570999,0.521541616161052,4.37285856974784,1.22630171862189e-05,0.000173994306693931
ENSMUSE00000784988,7.66463020534114,4.7828071670454,1.21966644671748,3.9214058728249,8.80338367322247e-05,0.000982191469122903
ENSMUSE00000785597,654.853370340122,1.54512511522979,0.322952357368154,4.7843747846324,1.71520382073044e-06,3.02664471906365e-05
ENSMUSE00000786415,236.024791402234,0.705550459082564,0.271761501389887,2.59621195597656,0.00942578999319576,0.0488537231517695
ENSMUSE00000788100,39.0998184635955,2.18819906141033,0.482260921332364,4.53737585737798,5.69585392819576e-06,8.92272954139401e-05
ENSMUSE00000792634,61.3231545536349,1.7236474981897,0.521727809335395,3.30372939174046,0.000954078783962659,0.00744259018871684
ENSMUSE00000803851,6846.3748354179,1.82720439645579,0.31369582971772,5.82476470312025,5.71931213355081e-09,1.80664361881218e-07
ENSMUSE00000804985,25.3766840016297,4.17813023879855,1.50729285338294,2.77194324209873,0.00557227515970808,0.032399583030493
ENSMUSE00000809137,255.260839208238,0.890703435699166,0.30578102687424,2.91287999390979,0.00358112195937165,0.0226046158575467
ENSMUSE00000809605,200.159441610339,4.75432324474681,0.473952618917409,10.0312205376278,1.11134223154014e-23,2.36962860258391e-21
ENSMUSE00000810689,8.76392514605376,2.18583727247461,0.765436067352866,2.85567582415336,0.0042945337118145,0.0261245852153435
ENSMUSE00000820386,1090.1391832772,0.816790570896807,0.288856417492547,2.82766980905966,0.00468881407537576,0.0280962816882001
ENSMUSE00000826071,75.9031255205396,1.92834855099705,0.468421203215635,4.11669783041258,3.8433943761168e-05,0.000473545669840651
ENSMUSE00000828703,21.5340014562316,1.935214422648,0.583459357509406,3.31679387388488,0.000910567688909725,0.0071543232030799
ENSMUSE00000831262,62.5673881384463,1.80054365835543,0.574835445013774,3.13227667843671,0.00173456330062071,0.0123054601622593
ENSMUSE00000836382,16.2616130297182,1.80914568127503,0.677998146883752,2.66836375525554,0.00762216855062592,0.0417614316877977
ENSMUSE00000839487,344.844770262661,0.972099075550156,0.295242821533803,3.2925409346112,0.000992864432790407,0.0076672307707235
ENSMUSE00000839811,18.2057257432661,5.72660819503443,1.01520303805932,5.64085013573394,1.69212595201878e-08,4.74042292251685e-07
ENSMUSE00000841973,236.719053181172,1.37084890741915,0.326957987710915,4.19273716790552,2.7560869858556e-05,0.000354367231213192
ENSMUSE00000845371,1323.80958245342,1.65939341462395,0.399211546327801,4.15667690448359,3.22910150900194e-05,0.000408345686706737
ENSMUSE00000845737,30.0556857823709,2.59312114766449,0.651943129045582,3.97752661564316,6.96358303673501e-05,0.000798954733479264
ENSMUSE00000858993,4046.01134204416,0.989338676388792,0.209093609080237,4.73155865806087,2.22802413969194e-06,3.79208720538255e-05
ENSMUSE00000859152,409.748607484464,0.870799755343598,0.224901151287287,3.87192217718462,0.000107980431489072,0.00118408256015731
ENSMUSE00000862256,139.570800786361,3.42595302347284,0.469985378091943,7.28948853128494,3.11133917463817e-13,1.89544757972402e-11
ENSMUSE00000864690,52.5075195293462,1.46157793291948,0.515034464357764,2.83782549337166,0.00454220084042294,0.027410325197395
ENSMUSE00000879239,75.4361094034807,5.79977479736179,0.681404373399369,8.51150216196595,1.71694330102212e-17,1.75723423715278e-15
ENSMUSE00000879506,4.38781490011136,3.81579102185527,1.27412109245325,2.99484173400518,0.00274587275992819,0.0180738459347482
ENSMUSE00000887096,47.5557879131339,1.79196373486906,0.649038193777021,2.76095267127638,0.0057633027693117,0.033212546589517
ENSMUSE00000891235,46.6718702926215,2.48125631349292,0.584003826766146,4.24869872382959,2.15015858102034e-05,0.000282613309382057
ENSMUSE00000892342,56.9036516832717,1.00777518675024,0.375192117481445,2.68602441201362,0.00723078055808558,0.0399880919048018
ENSMUSE00000894261,18.9202467969951,2.50358757470702,0.675105292450523,3.70844015400828,0.000208539932901379,0.00208320134932693
ENSMUSE00000896202,266.062599922132,5.10561833129492,0.474416144211016,10.7618983746556,5.20859717983982e-27,2.85579942517503e-24
ENSMUSE00000896225,115.956361361473,0.950759387872652,0.354153380383025,2.68459780574276,0.00726171329171034,0.0401302456639083
ENSMUSE00000898765,222.771251911544,2.31064563294707,0.484276371591556,4.77133671699328,1.83007305362178e-06,3.178199266878e-05
ENSMUSE00000906055,118.096218487866,1.83470285623194,0.479059998007909,3.82979765344892,0.000128248671692805,0.00137683469078877
ENSMUSE00000906398,23.2282660236185,1.83550815238095,0.465460237905565,3.94342631851905,8.03256781066357e-05,0.000904076107252984
ENSMUSE00000907243,192.06548619031,1.28419884596489,0.420082111819173,3.05701863953132,0.0022355037428937,0.0153211845807608
ENSMUSE00000911377,10.3499744162639,2.46184861918205,0.895079704702036,2.75042390778101,0.00595182129854746,0.0340941643937689
ENSMUSE00000916586,390.901275701016,4.87187914183528,0.49279217776298,9.88627531376629,4.77463018497505e-23,9.22640643591561e-21
ENSMUSE00000946054,13.8953885942709,2.07711583809979,0.606541731184046,3.42452255353478,0.000615880722627183,0.00514417891935392
ENSMUSE00000948409,55.1449970664716,1.98999876911118,0.595147625091697,3.34370614148812,0.000826672515908893,0.00663065645989202
ENSMUSE00000954496,1446.33741992248,1.05545650166192,0.229162332114983,4.6057154852672,4.11050081239776e-06,6.62861433528681e-05
ENSMUSE00000964560,85.6442637963586,1.65491365922639,0.513555140735944,3.2224653751004,0.00127092525559942,0.00949914533785899
ENSMUSE00000986916,27.2961323494073,2.69772053824833,0.611037478549545,4.41498374969088,1.01017578415575e-05,0.000145208039685011
ENSMUSE00000996880,57.608047720166,2.02551918606311,0.363495578675001,5.57233513938862,2.51347305084588e-08,6.69910386746283e-07
ENSMUSE00001052645,4.74260459610085,3.36715573656807,1.2802424897827,2.63009216100896,0.00853617236233899,0.0452541427719186
ENSMUSE00001063143,69.3087411210803,1.86004361034002,0.584442407076242,3.18259521865492,0.00145961513435419,0.0106696828880429
ENSMUSE00001084471,22.8188832150856,3.47170464490048,0.781983155268017,4.43961563815348,9.01196818654029e-06,0.000131763557714063
ENSMUSE00001095585,2956.4167866985,0.799606198632792,0.204438524737855,3.91123052593978,9.1827072736111e-05,0.00102154291351071
ENSMUSE00001102222,141.33601967121,0.955825653127581,0.295582285638388,3.23370411411233,0.00122195982279772,0.00920487104984818
ENSMUSE00001102380,124.240646725986,5.8994680068682,0.512462453328084,11.5120004764355,1.14784419871354e-30,1.46847534488752e-27
ENSMUSE00001103413,175.357627740631,1.164662768776,0.397743992985346,2.92817186259532,0.00340961520211305,0.0217056423450339
ENSMUSE00001106883,206.299072630177,1.47050603858939,0.34460968352268,4.26716400873458,1.9797361610054e-05,0.000266604469682061
ENSMUSE00001107424,28.3403237708006,2.92203424390865,1.08925697106513,2.68259402650536,0.00730536124794448,0.0402844489505904
ENSMUSE00001109048,102.697422429752,1.69114913377008,0.463107066161495,3.6517454760242,0.000260463965535466,0.0024960317096757
ENSMUSE00001111650,13.2679124671872,1.87859581999255,0.717993764384172,2.61645144175289,0.00888490007854979,0.0465850362041996
ENSMUSE00001111810,111.480346639108,1.68311368432061,0.339376481290187,4.95942935680757,7.0700551518638e-07,1.36699605404802e-05
ENSMUSE00001116826,9.70560421055434,3.23060418327673,0.796757812569652,4.05468780137542,5.02013048940908e-05,0.000604937545317176
ENSMUSE00001117170,41.9935350980273,1.44719009947138,0.397571390108625,3.64007606049312,0.00027255751695541,0.00259501694024152
ENSMUSE00001121485,235.877787165754,1.19041785751499,0.321657162673329,3.70089025104023,0.000214844389168111,0.00213067898094887
ENSMUSE00001122439,12.0835042993016,2.58429473477076,0.926285234891113,2.78995566098443,0.00527152602271621,0.0308456209320574
ENSMUSE00001128365,22.3330426277478,1.56861528170931,0.553251897956901,2.83526416719407,0.00457878069720393,0.0275660553974411
ENSMUSE00001132017,510.914575581098,1.20332627714719,0.278404231081629,4.32222697360648,1.54462165721287e-05,0.000212454282982828
ENSMUSE00001133830,191.93370741855,1.75414637564456,0.392208618960689,4.47248298696971,7.73165532864033e-06,0.00011591442637235
ENSMUSE00001153502,165.689629325147,1.58457549747832,0.346423238781974,4.57410277396428,4.782650465568e-06,7.56940721107215e-05
ENSMUSE00001201228,353.08126045288,1.33037758858835,0.412298940931232,3.22673055037084,0.00125213312279428,0.00937695009811602
ENSMUSE00001203935,239.361368911613,0.957021386332814,0.346277553725737,2.76374075083945,0.00571429203076841,0.0330292964067608
ENSMUSE00001203964,61.0156115084274,4.22187501528738,0.53351763854097,7.91328104321553,2.50692554635214e-15,1.94375358523223e-13
ENSMUSE00001214144,305.260950114327,2.25373783873848,0.37531780262275,6.00487859352577,1.91475125100247e-09,6.54029923140679e-08
ENSMUSE00001222360,6.63643699855763,3.8465790197288,1.17379457414004,3.27704617526192,0.00104899212811838,0.00805741373560643
ENSMUSE00001236435,56.7869669208451,2.05329168104039,0.554500851613388,3.70295496402951,0.000213102723535671,0.00211614036980571
ENSMUSE00001253497,4.63750811488742,6.07766724278647,1.6464138768559,3.69145773624842,0.00022297245109919,0.00219427760850946
ENSMUSE00001276381,83.2572792737889,2.22912001323224,0.519441349466124,4.29137960526882,1.77566467264901e-05,0.00024252672646359
ENSMUSE00001279479,26.4397517863054,1.75320953427237,0.673725567303862,2.6022606523431,0.00926114348669711,0.0481629657207906
ENSMUSE00001282537,15.5193699521947,3.48820708006255,0.881179357417383,3.95856649466462,7.5400950105187e-05,0.000852397191468948
ENSMUSE00001296113,31.5994855287201,1.94419096686406,0.718782784466067,2.70483796896759,0.00683377138084699,0.0381776048903795
ENSMUSE00001315772,104.084439713907,2.45622838188321,0.460724482856018,5.3312304279059,9.75495452208789e-08,2.29690278869775e-06
ENSMUSE00001316081,7.01712412650958,3.70450357641256,1.27511016705757,2.90524197211996,0.00366969281024931,0.0229572632530348
ENSMUSE00001321253,18.6502553883608,2.28336443535292,0.68437374213721,3.33642905150375,0.000848620858226084,0.00678543094556606
ENSMUSE00001324628,213.632300976689,3.33644104496208,0.323378459433185,10.3174498722338,5.87631782010248e-25,1.61095055668238e-22
ENSMUSE00001324684,13.8733621334622,6.27986477490928,1.4021957476099,4.47859350993864,7.51364556105602e-06,0.000113087732013071
ENSMUSE00001325667,59.3211700110242,1.47446811422085,0.433275296538335,3.40307450251872,0.000666321085643813,0.00549686490288631
ENSMUSE00001327945,5.20027453264526,3.20053811760626,1.14231141006361,2.80180876196277,0.00508169872844824,0.0299363925092622
ENSMUSE00001329470,10.5290574767706,2.94680796338752,0.894974799542068,3.2926155740869,0.000992600921113869,0.0076672307707235
ENSMUSE00001333303,250.570991603091,7.44232596218651,0.586732784736956,12.6843533475346,7.22073228755601e-37,2.771317051964e-33
ENSMUSE00001335799,33.3514551943351,2.79718487918425,0.582296745089247,4.80371031226619,1.55752126815353e-06,2.78035657077825e-05
ENSMUSE00001342249,38.0403184657669,2.02706305784598,0.530596856893036,3.8203450162062,0.000133265124602476,0.00142075430062307
ENSMUSE00001346289,165.868879222603,3.0498250706266,0.299804609649287,10.1727090660624,2.62504267872446e-24,6.29682112559029e-22
ENSMUSE00001348770,40.8961110483017,1.73603584604046,0.498845142818814,3.48010975155671,0.000501208416880294,0.00428904772349291
ENSMUSE00001350472,46.5879982723368,6.86802142835867,0.826509950922608,8.30966574654316,9.59720194954101e-17,9.2085152705846e-15
ENSMUSE00001353315,129.347487813816,6.59443395771592,0.617287226109419,10.6829263247171,1.22352818622013e-26,5.21766797634763e-24
ENSMUSE00001355502,753.07093413001,0.96400966352673,0.321364906923589,2.99973532503953,0.00270214299347649,0.0179116145232518
ENSMUSE00001357232,50.719731460226,2.11154017369637,0.516265349269133,4.09002885180196,4.31319531935036e-05,0.000527642462943087
ENSMUSE00001359565,53.7362531870846,1.78610630092519,0.416426400199278,4.28912840317151,1.79375653813413e-05,0.00024456261432891
ENSMUSE00001360334,37.6356071030169,1.82142143882334,0.419253659444607,4.34443778316976,1.39632809534624e-05,0.000193819429654209
ENSMUSE00001360972,83.1585604324278,1.01657740759345,0.388324049913498,2.61785848138919,0.00884834930643175,0.0464886579576798
ENSMUSE00001365000,12.7216829906401,2.2150154785512,0.821895740705212,2.69500785665424,0.0070386971356624,0.0390948185335344
ENSMUSE00001365420,12.3500852723147,4.27168615355601,0.961829806606844,4.44120791871248,8.94553078965723e-06,0.000131041783094292
ENSMUSE00001366158,25.7462147146146,5.35303814008685,1.41158604880051,3.79221524938956,0.000149309408949708,0.00156144281076016
ENSMUSE00001367771,43.4353412558741,7.15848316102592,0.987256486463882,7.25088491103857,4.14057409655968e-13,2.44484975116862e-11
ENSMUSE00001372707,50.8403930885711,1.22729620149817,0.469534006695482,2.61386009106287,0.00895256886119488,0.0468438436118145
ENSMUSE00001375822,133.668193102543,1.06349462222194,0.353438407570966,3.00899562537895,0.00262112890008971,0.0174368118742342
ENSMUSE00001377596,8.75337881459492,3.12708991681353,0.994511581671044,3.14434741077544,0.00166457695853015,0.0118637815540181
ENSMUSE00001377625,6.83943432673808,3.3518699143607,0.927375478397518,3.61436116485703,0.000301089105025187,0.00282192914551079
ENSMUSE00001377968,22.8713481997555,2.26068236018889,0.555330359840698,4.07087838820371,4.68361968950036e-05,0.000567953629330249
ENSMUSE00001380760,52.2043361848162,1.24582151886331,0.476248494823008,2.61590646984891,0.00889909304890025,0.0466276028964903
ENSMUSE00001383516,55.280798026263,1.65718522686815,0.494952814302688,3.34816810609082,0.000813476513597343,0.00655159942121752
ENSMUSE00001384057,77.0066943290059,1.77502351072665,0.530912848374739,3.34334253947791,0.000827756551880552,0.00663242097310555
ENSMUSE00001386114,8.46996838599145,2.65226673687938,0.993474972983501,2.66968651350559,0.00759220936642645,0.0416567541791919
ENSMUSE00001386393,17.1452304087164,1.94623289402828,0.638696664064733,3.047194393724,0.0023098827443749,0.0157465896499305
ENSMUSE00001389090,51.5708393125311,3.07116668089659,0.640039308329031,4.79840322450597,1.59935551371208e-06,2.84841135110299e-05
ENSMUSE00001393592,970.841974291043,1.33568060672922,0.243544706089803,5.48433438843342,4.15029078946041e-08,1.0619210699966e-06
ENSMUSE00001394088,12.6722348834812,2.77156136626983,0.836523633609621,3.3131895560565,0.00092238442479256,0.00723209687917027
ENSMUSE00001398584,61.6547029441115,1.54936225326387,0.369589215418994,4.1921197606034,2.76360032371158e-05,0.00035473906496338
ENSMUSE00001399626,109.846256170144,1.7163222017236,0.481649388031438,3.5634265180704,0.000366045195508986,0.00328243331860628
ENSMUSE00001399728,63.0482137715878,4.27764937109552,0.489082287996276,8.74627741810207,2.20506599049517e-18,2.4891303739766e-16
ENSMUSE00001400271,1028.76190067513,1.28551833760464,0.369018936972592,3.48361075491396,0.000494698388624953,0.00424754455378651
ENSMUSE00001406083,765.532445308605,1.46513013145897,0.278301441482749,5.26454381139018,1.40537883943212e-07,3.20109435355518e-06
ENSMUSE00001406095,81.4398417581197,3.27092522139307,0.53591751036772,6.10341173429605,1.03827917274879e-09,3.79515758572366e-08
ENSMUSE00001406096,156.722938128058,1.1122564964491,0.407788019485922,2.72753598266881,0.00638092977842915,0.036147614006806
ENSMUSE00001406680,52.6554928644678,2.36743656461834,0.428991827609151,5.51860527929515,3.41700738309154e-08,8.92141111313289e-07
ENSMUSE00001407594,180.291019033539,3.09746121377673,0.347780255160797,8.90637455063288,5.2728569827003e-19,6.42451590463612e-17
ENSMUSE00001409060,13.1027709681527,3.84855411100922,0.945552202095091,4.07016566878259,4.69797173097098e-05,0.000568795441749736
ENSMUSE00001409503,19.812518178992,2.52048014138822,0.619903525849339,4.06592322238348,4.78426857702488e-05,0.000578331426728236
ENSMUSE00001412298,26.6353078946634,2.97709640957028,0.59416404332281,5.01056306423581,5.42710094695944e-07,1.07644513873025e-05
ENSMUSE00001414344,48.4366872289335,4.64795628049047,0.72762653162912,6.3878323266799,1.68253674500507e-10,7.01910437753203e-09
ENSMUSE00001416628,150.808746411265,0.801419379221177,0.300312736187241,2.66861602140478,0.00761644680350507,0.0417598897597892
ENSMUSE00001417227,458.025597511584,0.754027680294132,0.286337577391296,2.63335216831744,0.00845466321822171,0.0450325991388623
ENSMUSE00001419423,159.106497770915,1.12460792142411,0.37715618862184,2.98180954032207,0.00286550205093448,0.0187675714530487
ENSMUSE00001420936,102.332195081676,1.0785887915426,0.325969804326408,3.308861057764,0.000936763126730775,0.00733055679515265
ENSMUSE00001422275,185.63465526724,1.13517629464152,0.371589467799146,3.05492053196489,0.00225120163089266,0.0154150077776379
ENSMUSE00001424140,28.8883364863488,2.24953678976024,0.544376339075294,4.13231918488856,3.59121250269559e-05,0.000446777101631951
ENSMUSE00001427729,7.95383323293128,2.90064204428928,1.069567368705,2.71197694428664,0.00668832446832358,0.0374603855597895
ENSMUSE00001429644,20.2428478351374,1.94966082166612,0.629917985458026,3.09510264300277,0.00196744797961718,0.0136918682606903
ENSMUSE00001431460,21.6592682003894,2.16374466945119,0.541761240486753,3.99390821592764,6.49930310844983e-05,0.000755864883257187
ENSMUSE00001432124,150.653440135202,4.49025617346765,0.442437659243578,10.1489013867954,3.35114507450363e-24,7.56570282114408e-22
ENSMUSE00001438453,19.9151687158203,2.01790229930768,0.551865048696221,3.65651404102319,0.00025566841313646,0.00245313842404433
ENSMUSE00001439047,14.3709391372592,3.33311304339638,0.764261381939199,4.36122133364779,1.29338447822726e-05,0.000182165490915091
ENSMUSE00001439402,37.9545594123155,1.80756608955867,0.512041529058023,3.53011618585696,0.000415377212614457,0.00363976653427919
ENSMUSE00001442975,10.7968097193187,7.65172079601313,1.43264126471666,5.34098869302527,9.24410227392704e-08,2.19683371686266e-06
ENSMUSE00001446368,794.437649358397,1.4046032525526,0.366466942136006,3.83282389501675,0.000126680642617605,0.00136190562007386
ENSMUSE00001448255,244.347003046267,1.82376908585729,0.425928137874658,4.2818703994475,1.85328916368047e-05,0.000252231340787434
ENSMUSE00001448523,6.89549134886477,3.45721739807979,1.25610015315903,2.75234215152752,0.00591706639408027,0.0339457411367415
ENSMUSE00001452693,1133.23887215928,1.03722368534604,0.239712328180665,4.32695178098773,1.51187042025367e-05,0.000208725132119914
ENSMUSE00001453170,11.2742253778878,1.98096103105537,0.714700132273261,2.77173732255301,0.0055758010921419,0.032399583030493
ENSMUSE00001456246,29.0218839507639,1.38676152963692,0.487140953769351,2.8467356704596,0.0044170021492039,0.0266757737980245
ENSMUSE00001456336,94.0680053518069,1.68426549276327,0.474578830217626,3.54896886570123,0.000386742804685207,0.00343990471467399
ENSMUSE00001457687,263.044156715393,4.47420402299357,0.492356816525298,9.08732015648589,1.01510129127082e-19,1.44294768736941e-17
ENSMUSE00001458066,30.6072054341678,2.3954835026358,0.571121860253782,4.1943474227573,2.7365827849707e-05,0.000353042175755211
ENSMUSE00001458790,26.2327994409493,2.4054736391666,0.628345472785086,3.82826604686837,0.000129049218756026,0.00138156457903941
ENSMUSE00001459409,8.55735785929974,2.40168395415361,0.90199317325349,2.66264094382303,0.00775300931742291,0.0422971567310151
ENSMUSE00001462162,79.116433982596,1.82771585801173,0.324317436971052,5.63557690601404,1.74473258614156e-08,4.83486185242695e-07
ENSMUSE00000141577,18.8330905827213,2.72730425900422,0.677567778232331,4.02513866010472,5.69417533616613e-05,0.00067243830585248
ENSMUSE00000143882,62.2918939490459,1.27448222262608,0.484581168518475,2.63006964658283,0.00853673771935098,0.0452541427719186
ENSMUSE00000150312,140.033933175737,1.42303372445125,0.489304770947794,2.9082768224287,0.00363426476341552,0.0228473516166892
ENSMUSE00000172597,205.995715298814,7.66074614579459,0.88463594528252,8.65977262923453,4.7270618341099e-18,5.11055304769403e-16
ENSMUSE00000174483,109.236637703301,2.36988542663036,0.479756691928136,4.93976523205089,7.8216685315252e-07,1.50474004130294e-05
ENSMUSE00000192482,154.710892256027,0.685309737377423,0.262729278180299,2.60842545651546,0.00909598207514416,0.0474648255668298
ENSMUSE00000194619,88.5692074939772,1.80633148331195,0.498154865426451,3.62604404508952,0.00028779628736863,0.00272059643083941
ENSMUSE00000212971,26.3742856073693,3.13150067896956,0.623672088347422,5.0210691443115,5.13846564798191e-07,1.02715787275805e-05
ENSMUSE00000213033,4.51061917508396,4.49151177853149,1.69908642802064,2.64348634916935,0.00820570743676797,0.0440160798634738
ENSMUSE00000214618,132.230554915716,1.82828854716364,0.359491144622244,5.08576796539679,3.66141471041728e-07,7.61653640031519e-06
ENSMUSE00000216023,436.207035583238,1.77396535429753,0.486212024004934,3.64854274825489,0.000263732023939259,0.00252105481414415
ENSMUSE00000232231,19.5110060466911,3.29393725869656,0.774496514594517,4.25300462510291,2.10921218525071e-05,0.000278662869775981
ENSMUSE00000234144,46.2764995359313,1.22280582725761,0.443287728974005,2.75849239068226,0.00580686570879548,0.0334134191759476
ENSMUSE00000281303,121.318156159295,1.37583579017419,0.451562113617148,3.04683619082508,0.0023126370274408,0.0157513769499872
ENSMUSE00000293460,60.3697099801443,1.42929622350624,0.413690127086121,3.45499234795298,0.000550308440648224,0.00464704905436278
ENSMUSE00000295211,36.3741061880126,1.78628251869878,0.593683346233261,3.00881358729733,0.00262269983527008,0.0174368118742342
ENSMUSE00000295850,209.542583743734,2.08628300058002,0.301120991447652,6.92838779040321,4.25663597512443e-12,2.22271685340511e-10
ENSMUSE00000296617,8.11337399510341,4.31310259199366,1.16086518133374,3.71542075802311,0.000202865835718428,0.00204088880075315
ENSMUSE00000300256,169.139136609085,4.59991411489433,0.427232433798922,10.7667717874137,4.94020227391696e-27,2.85579942517503e-24
ENSMUSE00000315929,23.033813742506,3.46085522891392,0.925213409001496,3.74060210892201,0.000183579946061414,0.00186643664366545
ENSMUSE00000325187,20.7582897438178,3.05000193455528,0.624758035965366,4.88189308336382,1.05072223862147e-06,1.94345636232733e-05
ENSMUSE00000332759,26.324592800878,2.45702464468168,0.592970753350477,4.14358487463117,3.41918443118926e-05,0.000428151055363928
ENSMUSE00000332856,8.76593064101049,3.78562292054092,1.23756232955167,3.05893515837083,0.00222125221269754,0.0152507441723312
ENSMUSE00000333154,24.0801911872002,2.18599874587326,0.718521963974909,3.04235479981736,0.00234735034734261,0.0159736358742924
ENSMUSE00000334289,22.3632372858618,2.8872580919719,0.766817339011645,3.76524883447902,0.000166383300676657,0.00171892088289908
ENSMUSE00000342094,6.28421993289213,4.35086439624123,1.42112879048587,3.06155531108037,0.00220190306304322,0.0151314305388717
ENSMUSE00000342881,10.9712296100174,2.49840131113967,0.75695289212401,3.30060342874067,0.00096477145817653,0.00749553209814073
ENSMUSE00000345121,12.2281451409921,5.70387001913625,1.28157470258677,4.45067307245016,8.56015734940106e-06,0.000125876949835254
ENSMUSE00000347248,165.248880455688,3.67541583156849,0.405649784129798,9.06056400215523,1.29777758559799e-19,1.77888227625895e-17
ENSMUSE00000350774,77.6712960375819,2.51042390164515,0.414241200492594,6.06029506157255,1.35872068396267e-09,4.82849072689696e-08
ENSMUSE00000364028,20.1818411893567,7.53023773919738,1.36226790105492,5.5277216275639,3.24416266489894e-08,8.49904184838371e-07
ENSMUSE00000365377,102.669920236819,0.888082955118076,0.266485281720146,3.33257787966959,0.000860453843253828,0.00685294300857485
ENSMUSE00000367069,41.3996095922316,1.67217619210588,0.461513500686828,3.62324436797046,0.000290930723120588,0.00274346957085213
ENSMUSE00000374356,19.1689717984829,3.71874161501085,1.09543815599637,3.39475267924043,0.00068690621525624,0.00565133130579517
ENSMUSE00000374385,18.3761372206192,1.80607208101401,0.627403572832781,2.87864487742625,0.00399387787702661,0.0244864269840705
ENSMUSE00000374812,105.745129905344,2.93558977835412,0.369551793231289,7.94364912340403,1.96318422502139e-15,1.56972938659002e-13
ENSMUSE00000378784,29.5069882219761,1.88486598025365,0.633076824426598,2.97731003178145,0.00290789790135595,0.0189966164177091
ENSMUSE00000379117,30.8758325496216,3.73170209540265,0.577741850017643,6.45911681019593,1.05315799554341e-10,4.49113376321733e-09
ENSMUSE00000403511,169.664626610547,1.73909961026817,0.299851018804115,5.7998789438974,6.63628096987374e-09,2.05403599696576e-07
ENSMUSE00000403774,110.074706125563,1.73218319597031,0.380238018976359,4.55552340776846,5.22552957896333e-06,8.23637885998408e-05
ENSMUSE00000406812,12.4258506866153,3.77939711529159,0.847945219812699,4.4571241478623,8.30665012994178e-06,0.000122968520617544
ENSMUSE00000408723,88.078024305608,2.50895773056655,0.503477599704939,4.98325592248179,6.25231673008509e-07,1.21809094467343e-05
ENSMUSE00000414864,64.3269197709308,1.33078313124557,0.474801072911732,2.80282250224185,0.00506575406001022,0.0298883383279311
ENSMUSE00000431243,411.045569954854,2.12019589850418,0.386740578115967,5.48221732726588,4.20027797273047e-08,1.07114065510562e-06
ENSMUSE00000442155,13.6866457147709,4.55815465062344,1.04049094809117,4.38077299854035,1.18259023644197e-05,0.000168414891557116
ENSMUSE00000445316,287.625696152855,1.64936284902854,0.563059157845305,2.92928873644514,0.00339738672631721,0.0216957907747179
ENSMUSE00000462327,23.3454844636647,2.16785399515835,0.770546768117294,2.81339703812547,0.00490210821650037,0.0291017654059217
ENSMUSE00000483471,7.085229723969,2.67195178579503,1.00659805304196,2.65443766528292,0.00794407155368147,0.0430944828594056
ENSMUSE00000488773,8.43426128382003,3.67340910777888,0.911979771397847,4.02795020568101,5.62652560049958e-05,0.000665473197371876
ENSMUSE00000489164,20.1546079694203,5.26494882334329,1.188480045392,4.429985041614,9.42396247534825e-06,0.000136745436598815
ENSMUSE00000490982,212.194519787308,2.19240987798163,0.344349822707683,6.36680995141024,1.93000067972759e-10,7.96488452558547e-09
ENSMUSE00000495288,96.8060967591594,1.60808768357596,0.532114387704711,3.02207142060654,0.00251051307117828,0.0168893061650872
ENSMUSE00000497346,5.13488898546848,3.44232684927877,1.18528896779651,2.904208967437,0.00368182328612049,0.0229965709881771
ENSMUSE00000501194,6.07057895673514,3.31220369377477,1.11173509452723,2.97931018826324,0.00288898158023249,0.0188891163627467
ENSMUSE00000512863,233.867411438131,1.09538885568512,0.232124760016136,4.71896602330995,2.37046403537308e-06,4.0255933485672e-05
ENSMUSE00000514307,21.3744357667969,3.87136366710515,0.769116686929862,5.03351927333516,4.81556376130289e-07,9.70190746240445e-06
ENSMUSE00000515071,270.39377665155,1.92181467796277,0.30817232322556,6.23616896497269,4.48416756131217e-10,1.73840758589052e-08
ENSMUSE00000522990,11.6086037147696,2.26323280313615,0.749843470067015,3.01827367108215,0.00254219214605765,0.0170426785267585
ENSMUSE00000546662,134.073447168951,2.68076198003888,0.411549437296096,6.51382734879106,7.32596983041052e-11,3.26942700105995e-09
ENSMUSE00000594761,22.3677558973301,3.52994859081019,0.874487323318771,4.03659206563872,5.42332489834783e-05,0.000644706568841771
ENSMUSE00000610379,16.6306831647696,1.96948577958168,0.593466875730477,3.31861113083609,0.000904663166598395,0.00713689051059535
ENSMUSE00000629107,158.834412773362,0.919683054806117,0.305377927132442,3.01162256041922,0.00259855479155012,0.0173327773557999
ENSMUSE00000635677,32.1720802702107,2.73709370639198,0.573645661532125,4.7714013892855,1.82948543934061e-06,3.178199266878e-05
ENSMUSE00000639633,37.5182956297977,2.56126387648595,0.577999329435826,4.43125752236762,9.36851221912893e-06,0.000136198295064458
ENSMUSE00000643039,105.410729799201,1.57194968909357,0.596441075726612,2.63554901408919,0.00840012930584563,0.0447773559386605
ENSMUSE00000654106,86.167362801069,2.52463887245759,0.481728212786063,5.24079513187821,1.59886146536455e-07,3.5990793572253e-06
ENSMUSE00000659236,6.39711457772367,4.70500756565171,1.20333333536447,3.90997857981441,9.23043060004616e-05,0.00102388418043287
ENSMUSE00000666287,55.2152303857392,5.66825471937577,0.754652398101781,7.51108024520089,5.86414308030588e-14,3.88044502451965e-12
ENSMUSE00000669509,6.30883605255204,3.75201163553652,1.19038898079378,3.15192067137129,0.0016220033326318,0.0116034460216978
ENSMUSE00000671138,11.4486548474707,2.07239947430589,0.699980362023606,2.96065373650582,0.00306986865501111,0.0198185969687681
ENSMUSE00000676546,96.9738608969256,1.64067792745023,0.330085128296297,4.97046909055986,6.6791109186554e-07,1.29466806594947e-05
ENSMUSE00000677766,24.4833616081508,4.20079160654019,0.663096669724038,6.33511190500842,2.37169073536894e-10,9.68356281100636e-09
ENSMUSE00000681468,8.27920380450923,4.57846992370694,1.36291128329215,3.35933085288394,0.000781314649682335,0.00632634098202701
ENSMUSE00000681498,32.7142830561606,2.76617455894566,0.648810695393819,4.26345400682186,2.01290947969017e-05,0.000269182807771808
ENSMUSE00000681594,19.6047152423969,5.29922212866819,1.07288964738985,4.93920520303298,7.84416325609238e-07,1.50529492884413e-05
ENSMUSE00000681720,19.2613699693177,6.83290381112698,1.18603837987105,5.76111526160717,8.35599507976981e-09,2.51531836205149e-07
ENSMUSE00000682525,58.7204601074041,3.15377133672425,0.51652249805181,6.10577728679673,1.02301577770337e-09,3.75725794720146e-08
ENSMUSE00000684980,105.630621079334,2.5799688222324,0.458719821161818,5.62428023209899,1.86283038641487e-08,5.12512044663819e-07
ENSMUSE00000688305,140.48655788518,1.69892219065004,0.353423442937944,4.80704442389903,1.53177962903986e-06,2.74077865559672e-05
ENSMUSE00000699940,71.9402588733146,1.6954374093728,0.640223544009584,2.64819597035535,0.0080922600442142,0.0437130106258889
ENSMUSE00000700233,159.576248098287,1.57797550269492,0.337320828705246,4.67796639997517,2.89734007058002e-06,4.84531206574558e-05
ENSMUSE00000710690,50.1117006546534,3.25304940481411,0.450615195415222,7.21912939890225,5.23214513535489e-13,3.01969519240482e-11
ENSMUSE00000713487,25.2538426603926,1.62081516962212,0.596603885620324,2.71673585889716,0.00659292011431126,0.036999053662298
ENSMUSE00000714785,5.63242193799293,4.54865376985027,1.64298028039208,2.76853826192288,0.00563083735494833,0.0326699225522172
ENSMUSE00000716392,21.7418104083939,2.42299163105986,0.673914594623305,3.59539866088555,0.000323895194744879,0.00298465728074633
ENSMUSE00000718235,47.5199046893127,1.88750109392137,0.549624124658598,3.43416711392317,0.000594377631417148,0.00499719901287845
ENSMUSE00000719212,26.4364334965504,2.22288664655182,0.559422759698586,3.97353630687013,7.08133581760412e-05,0.000808874013927518
ENSMUSE00000721923,42.7659562636498,5.7245725887009,0.962284599496801,5.94893921371536,2.69885836315036e-09,9.00714643284442e-08
ENSMUSE00000725406,1982.66051310135,2.30955539836025,0.262741123768043,8.79023186488006,1.49251615413923e-18,1.76254676910349e-16
ENSMUSE00000735112,55.1628039636206,2.02619438712105,0.474609228845634,4.26918455009662,1.96188896020713e-05,0.000265598935776894
ENSMUSE00000737769,31.4234488222559,3.08690780638286,0.670835537276593,4.60158658098951,4.19284799105285e-06,6.70506274569201e-05
ENSMUSE00000739155,5.72770621962502,4.31792425994973,1.42460726819097,3.03095762345283,0.00243779459251301,0.0164722810670157
ENSMUSE00000740738,17.2200488037044,2.49991329401346,0.56610769401658,4.41596770444219,1.00559098388692e-05,0.000144820194977786
ENSMUSE00000741662,11.4855804459838,4.55937121907042,0.940103645910117,4.84986016053207,1.23548544920185e-06,2.25799674001747e-05
ENSMUSE00000747089,61.920980830835,2.13613349206373,0.789390800799326,2.70605318671146,0.00680881399756221,0.0380658821888474
ENSMUSE00000748604,31.9488595431162,1.84209114841642,0.58348848277786,3.15703086313997,0.00159384475797915,0.0114446701237118
ENSMUSE00000749705,10.5850819367935,2.98115520505092,0.937978653417187,3.17827617311989,0.00148153558104691,0.010789627248687
ENSMUSE00000750912,122.122637868595,1.8743198839585,0.379674079353946,4.93665484656694,7.94739406150234e-07,1.52130166623671e-05
ENSMUSE00000754468,56.3871378216619,3.65358828896913,0.775014488024502,4.71421934095975,2.42639184849784e-06,4.11147545895572e-05
ENSMUSE00000754865,116.290501840628,1.48728914975284,0.34917010989012,4.25949732702169,2.04887149011722e-05,0.00027328577564584
ENSMUSE00000757880,40.9591952364672,4.40983837551772,0.972389211431882,4.53505481516404,5.75885269339762e-06,8.98474660051222e-05
ENSMUSE00000758611,192.1064106843,7.67587588784339,0.70441917864339,10.8967446096883,1.19454942295105e-27,7.64113447547689e-25
ENSMUSE00000761723,4.81614117142625,3.01156611701399,1.13610762518829,2.6507753757175,0.00803072312408932,0.0434417411561026
ENSMUSE00000766808,372.645704428656,1.38338952151218,0.473473707416825,2.92178741890372,0.00348028993805151,0.0220554394463341
ENSMUSE00000768735,70.5865855167841,1.78968012804751,0.50483670698084,3.54506735207635,0.000392512776098189,0.0034775457444129
ENSMUSE00000773617,242.675129131211,2.84228341893637,0.49375941080317,5.75641366371729,8.59196927745883e-09,2.56622397563323e-07
ENSMUSE00000774830,6.18104181106928,3.08135232413968,1.16535930251309,2.64412213254296,0.00819030976654059,0.0439701636095988
ENSMUSE00000789035,38.7268868288539,4.00896351308735,0.695556186492384,5.76368033372564,8.22992275874824e-09,2.48712153921856e-07
ENSMUSE00000789121,91.8998726436411,1.63393754195953,0.514997025390846,3.17271258162993,0.00151021951641252,0.0109259613647338
ENSMUSE00000789387,9.16295950061222,2.72879169236508,0.939022056117611,2.90599318150978,0.00366089426409069,0.0229396117315593
ENSMUSE00000790488,68.5044931684952,4.40605181299585,0.550141182650869,8.00894743375724,1.15694343433912e-15,9.44755085317773e-14
ENSMUSE00000794292,4.98168139773711,4.97611298690511,1.4562900423555,3.41697933940167,0.000633200848102445,0.00526022695891166
ENSMUSE00000794480,162.216376643935,3.59040883121389,0.582148168570273,6.16751718043149,6.93705776961893e-10,2.57240847534275e-08
ENSMUSE00000795956,71.0942497865808,5.69325301271796,0.560207608004611,10.1627556130425,2.90740823716061e-24,6.76280776619541e-22
ENSMUSE00000797537,75.86646404626,1.37472987102995,0.518448603243304,2.65162228701155,0.00801060990700367,0.043363499045247
ENSMUSE00000798062,78.2357744059747,1.70799313727225,0.481898960381065,3.54429720271992,0.000393661219170279,0.0034775457444129
ENSMUSE00000798528,298.280489292514,1.53434863236792,0.35847429834736,4.28021936144816,1.86709191063168e-05,0.000253660132849712
ENSMUSE00000798827,472.866634253162,1.84751449799312,0.414001276970001,4.46258164108752,8.09780597658355e-06,0.000120522031331251
ENSMUSE00000799227,21.4069240299625,2.33527899072591,0.652805857487134,3.57729478671525,0.000347168580223321,0.00314621811519433
ENSMUSE00000802275,112.219180968482,2.1348585715677,0.465836834249064,4.58284621268545,4.58689387420608e-06,7.28964749035319e-05
ENSMUSE00000811456,106.83023965627,1.87227191309482,0.525974224737035,3.55962673652094,0.000371382274913181,0.00332073273889363
ENSMUSE00000814162,131.533390818457,2.94882409579753,0.403343970784892,7.31094130416584,2.6527740197636e-13,1.62901547005643e-11
ENSMUSE00000814859,149.345840690611,1.36203127067499,0.430448360335439,3.16421526060312,0.00155501737107957,0.0112120362406267
ENSMUSE00000815509,184.812604293634,3.95931060540043,0.493244037302176,8.0270825513798,9.98179216252873e-16,8.23873512253446e-14
ENSMUSE00000816676,166.234592719143,2.18461736101882,0.318645031204625,6.85595928723557,7.08355503579625e-12,3.64921935938067e-10
ENSMUSE00000817144,7.34952138867746,3.08943629030516,1.09736428764561,2.81532425019364,0.00487280414357745,0.0289726139474055
ENSMUSE00000818579,6.58765852898093,4.30848620504562,1.55798281742065,2.76542600911262,0.00568485001064202,0.0329086792471253
ENSMUSE00000818817,121.33956039435,1.81115124154466,0.419110951265774,4.32141235172865,1.55033635134619e-05,0.000212506818445239
ENSMUSE00000820154,51.3805242919671,4.61609221233684,0.561736032334314,8.21754693775742,2.07707953481187e-16,1.85391424525767e-14
ENSMUSE00000822847,27.1719336891077,2.96639623920102,0.743643231698202,3.98900455589017,6.63511474562511e-05,0.000765881816352155
ENSMUSE00000826066,29.9452337004107,4.1832801020154,0.652338134566184,6.41274805250708,1.42919611262573e-10,5.99481385820496e-09
ENSMUSE00000826104,62.8471367333093,4.18371194577251,1.2726806917543,3.28732255692948,0.00101144908688277,0.00780289767930866
ENSMUSE00000827476,26.2732691613698,3.53614304694425,0.789787236838512,4.47733627742491,7.55801489496998e-06,0.000113532920418375
ENSMUSE00000827857,14.0733381219759,2.228192877966,0.844470263208093,2.63856878689988,0.0083256807793839,0.0444567147514609
ENSMUSE00000829794,18.7256908913949,4.39925940727949,0.868526556465732,5.06519849569282,4.07975018147282e-07,8.4183232239208e-06
ENSMUSE00000831019,237.741867826404,1.26692639009787,0.329650028518069,3.84324671771846,0.000121417299167032,0.00131824496238492
ENSMUSE00000831691,1804.38365338063,0.984188304330344,0.336105800700274,2.92820981452803,0.00340919901557697,0.0217056423450339
ENSMUSE00000835173,329.092430454662,2.94121366986136,0.432396012775794,6.80212949000166,1.03083875434203e-11,5.24021078035061e-10
ENSMUSE00000837171,336.501754493173,1.75718096245842,0.269925325232809,6.50987809662862,7.52118158119985e-11,3.33714392007457e-09
ENSMUSE00000837773,382.568999458646,0.998247425079951,0.270399909452382,3.69174467218431,0.000222720996308392,0.00219427760850946
ENSMUSE00000841401,9.97031030740708,2.36371608870067,0.810836074131228,2.91515901192886,0.00355507358472356,0.0224783730118106
ENSMUSE00000842129,49.5506434288871,1.53811369820211,0.505881685026348,3.04046132471075,0.00236216027109237,0.0160601791327768
ENSMUSE00000842638,16.515489079966,3.27413383606911,0.875480037105322,3.73981552668484,0.000184155354742909,0.00186981018916213
ENSMUSE00000843319,32.1391867765393,1.30968345433542,0.497383139362265,2.63314807175546,0.00845974569544547,0.0450325991388623
ENSMUSE00000843630,60.3373649502114,1.62646530475375,0.440532911531586,3.69204039511845,0.000222462119652812,0.00219427760850946
ENSMUSE00000845427,60.9833262615235,2.04543868282073,0.409273785948417,4.99772707915021,5.8010007857122e-07,1.14175594951607e-05
ENSMUSE00000851973,151.115114506076,2.42026262297819,0.403062746238308,6.00467953331323,1.91710178096213e-09,6.54029923140679e-08
ENSMUSE00000853774,243.459151639946,2.42583815142912,0.471319004579741,5.14691350838306,2.64807346915076e-07,5.77460566738671e-06
ENSMUSE00000865097,70.2716983642795,1.39883303184816,0.415077751133058,3.3700506182991,0.000751543769425466,0.00611106988782826
ENSMUSE00000866268,448.100855281078,0.896344962995467,0.29080575583438,3.0822806805308,0.00205421042344174,0.0142568889786065
ENSMUSE00000871951,13.6469653401066,3.26630361133227,1.2455119357379,2.62245869960063,0.00872978478252094,0.0460548645983716
ENSMUSE00000874742,612.657385756909,1.12549660527856,0.386811529867057,2.90967698316898,0.00361802474822852,0.0227825742144398
ENSMUSE00000879752,54.4151150002726,2.7019184082393,0.491659519821975,5.49550715344155,3.89589150148211e-08,1.00689774967598e-06
ENSMUSE00000886813,12.9765321778865,3.11175948310299,0.956367560913226,3.25372755233521,0.00113901461190033,0.00863940332109378
ENSMUSE00000887774,11.6481086276541,3.78587583671665,0.838561731658752,4.51472526563767,6.33989005931738e-06,9.77208756934141e-05
ENSMUSE00000890227,30.2524330537377,1.26437359840251,0.443670301437668,2.84980444781956,0.0043746116280069,0.0264614017782356
ENSMUSE00000894164,71.7427192624764,4.41885261643867,0.543647615258942,8.12815598268365,4.35870115412083e-16,3.67663627022324e-14
ENSMUSE00000897232,47.0007621337116,2.2102678042316,0.525983038830554,4.20216554728799,2.64373676774658e-05,0.000342214560357888
ENSMUSE00000901195,56.4780928206241,4.21371185643591,0.650535103733413,6.47730127437162,9.3377632490451e-11,4.09580975426687e-09
ENSMUSE00000901296,170.055921064497,0.674687751269302,0.245435778486014,2.74893805390215,0.00597886844183881,0.0341980582410989
ENSMUSE00000909564,145.466286002071,5.41133471566282,0.582759238899599,9.28571244255317,1.60628913369515e-20,2.51630110004978e-18
ENSMUSE00000912037,47.8107611971808,1.22754620255768,0.422249998981365,2.90715501603082,0.00364732403862158,0.0228934943044035
ENSMUSE00000914707,66.6600946612015,4.02588724523923,0.651898290869658,6.17563706121785,6.58972098957294e-10,2.45547079203699e-08
ENSMUSE00000914783,211.454086321516,0.981193624511013,0.267960706874467,3.66170710607462,0.000250540202244979,0.00241601330707596
ENSMUSE00000932373,363.219753345268,4.59198989383437,0.367964027555727,12.4794532887836,9.66479698664266e-36,2.4728993889823e-32
ENSMUSE00000933510,35.4110309021821,3.37762411122064,0.72560821942374,4.65488678436286,3.24158777537673e-06,5.31675806918628e-05
ENSMUSE00000935878,206.267029791841,1.46914818123135,0.284240232598445,5.16868484028741,2.35747055617421e-07,5.18508423759119e-06
ENSMUSE00000937133,56.4008943679318,1.81947382916148,0.357911391198533,5.08358737359164,3.70372084204819e-07,7.68371923880051e-06
ENSMUSE00000937346,315.322973979995,1.20670921961515,0.268213016063377,4.49907031853374,6.82512807459867e-06,0.000103536923123754
ENSMUSE00000939074,341.213983539088,2.74834979899371,0.303306356133296,9.06129971699596,1.289052768705e-19,1.77888227625895e-17
ENSMUSE00000939560,893.0997157363,2.25203440989034,0.44540811891491,5.05611441339839,4.27884689878866e-07,8.76515096182638e-06
ENSMUSE00000941051,195.071520888262,1.09227525411854,0.415947802722319,2.62599116276071,0.00863970604502943,0.0456738179074696
ENSMUSE00000942186,131.219532761452,1.46469217864996,0.343174968997651,4.26806239082078,1.9717818530405e-05,0.000265999956132493
ENSMUSE00000947267,56.680661347899,1.32827914550491,0.373168421453292,3.55946288362763,0.000371614046731322,0.00332073273889363
ENSMUSE00000967200,11.4318488376384,2.7147257239666,0.857158017143265,3.16712399542646,0.00153954658884623,0.0111276455894385
ENSMUSE00000980946,55.6498952092914,1.49444775474479,0.401404169409126,3.7230499048992,0.000196830597362803,0.00198798903336431
ENSMUSE00000998634,10.0659803793138,3.16425706303253,1.13127863450536,2.79706251538647,0.00515695539616117,0.0303037520797203
ENSMUSE00000999048,117.750605149157,1.34824874642464,0.455369038028337,2.96078264842578,0.00306858410056294,0.0198185969687681
ENSMUSE00001007275,7.39691873388004,4.57715235017397,1.40559022589195,3.25639170354179,0.00112837966257617,0.00858418462828014
ENSMUSE00001019660,11.4727674437917,4.18128462916261,0.929076359523217,4.50047467713888,6.78018821194005e-06,0.000103263342688198
ENSMUSE00001077619,16.5717958203555,3.07693605382567,0.877980041141865,3.50456264338758,0.000457357953800616,0.00395346807812335
ENSMUSE00001102231,41.0134691928572,1.77117927057076,0.516837360329517,3.42695673053032,0.000610386323465195,0.00510940612750146
ENSMUSE00001104934,9.63551532146378,2.94921720974504,0.914292106637793,3.22568377035481,0.00125672127253432,0.00940213692784936
ENSMUSE00001117236,478.144030671021,1.56619846382696,0.394567377194374,3.96940688549478,7.20517559136676e-05,0.000820577564381769
ENSMUSE00001118758,209.706998420397,1.19808752108874,0.452716783209104,2.64643937562033,0.00813440843026855,0.0438481173530487
ENSMUSE00001124401,19.4560648347236,3.43565553480654,0.807982381486051,4.25214164755379,2.11735860795888e-05,0.000279025550582564
ENSMUSE00001132973,27.2912741023439,3.76926904003637,0.706999263107643,5.33136204904713,9.74788564249099e-08,2.29690278869775e-06
ENSMUSE00001136007,48.0964133094918,1.86196525318825,0.521881270694672,3.56779474133993,0.000359998330182594,0.00323576953452177
ENSMUSE00001139553,2010.79597571925,1.0813725162546,0.203088246362814,5.32464352625678,1.0115120783995e-07,2.36718497371786e-06
ENSMUSE00001143464,1626.59119191261,1.63038175828066,0.283531991974465,5.75025677676432,8.91080098238659e-09,2.6408999359382e-07
ENSMUSE00001145499,24.8104188918033,3.49627896180062,0.527529685679184,6.62764401078061,3.4108681979076e-11,1.58677722952356e-09
ENSMUSE00001147624,111.628960320817,2.01009323910926,0.410154511671256,4.90081952510711,9.54376990245944e-07,1.79553867086467e-05
ENSMUSE00001149587,21.1982466976066,1.68708666802229,0.557516041212632,3.02607735618292,0.002477489104048,0.0166964059373771
ENSMUSE00001152070,519.44720232544,1.44911722238918,0.315320368664761,4.59569811022845,4.31302778840858e-06,6.88291087397593e-05
ENSMUSE00001158075,174.349360724398,0.828634398152046,0.247526688140885,3.34765678955964,0.000814978725633562,0.00655159942121752
ENSMUSE00001159547,182.027218170595,4.17455033963973,0.466699858023346,8.94482881850567,3.72526681610341e-19,4.76585801340163e-17
ENSMUSE00001174235,415.989590882593,1.64494862267531,0.452238774516547,3.63734539222957,0.000275462438022669,0.00261689316121536
ENSMUSE00001178948,44.7957632112333,2.40703038843699,0.498583487219264,4.82773788169691,1.38092687234071e-06,2.49999874341682e-05
ENSMUSE00001187633,50.4356552046065,2.93236741448886,0.498351584697592,5.88413382144308,4.00143988813721e-09,1.30148527887039e-07
ENSMUSE00001190597,137.831557095417,7.77344542075947,0.727181029862801,10.6898352700786,1.13572516390163e-26,5.12813315182876e-24
ENSMUSE00001191222,28.1905499870722,1.77782728042159,0.507383815107409,3.50391011200315,0.000458480087306116,0.00395870995518757
ENSMUSE00001192457,65.5195673038549,1.86479659362589,0.474432974669106,3.93057964600057,8.47413156252835e-05,0.000948213321777953
ENSMUSE00001204052,108.500685032317,1.26429656621038,0.429359359136242,2.94461163896325,0.00323360265379853,0.0208057880515954
ENSMUSE00001208453,26.3602025514298,1.9900412439707,0.479124821731768,4.15349227113263,3.27439277382947e-05,0.000413392087695971
ENSMUSE00001223394,77.9384684940997,1.5181289772218,0.417877144508017,3.6329552768653,0.000280193597301856,0.00265854889108659
ENSMUSE00001224807,10.0588260775316,3.90766015229257,1.17324568559909,3.33064097337569,0.00086646277403422,0.00688506030381643
ENSMUSE00001229712,182.774023010631,2.35571653735468,0.392805049415993,5.99716460075313,2.00792510168591e-09,6.81983764625711e-08
ENSMUSE00001243314,169.549108219048,0.894547251489523,0.28109721306788,3.18234123250985,0.00146089587224245,0.0106696828880429
ENSMUSE00001254066,33.8332082522537,1.44335682226373,0.479728082089726,3.0086977939177,0.00262369954595369,0.0174368118742342
ENSMUSE00001267900,45.7197186206929,2.19819644653233,0.450786912463717,4.87635373999297,1.08064746146375e-06,1.98922060292463e-05
ENSMUSE00001275243,170.787076117552,1.67536253177856,0.406754835422991,4.11885092905245,3.80766360314055e-05,0.000469897521184997
ENSMUSE00001289474,173.20515844007,1.68707850528754,0.342597710494247,4.92437180287539,8.4631789290601e-07,1.61199408088003e-05
ENSMUSE00001295045,25.321958468239,4.21462996892758,0.735216654659804,5.73250067475383,9.89606409992870e-09,2.91042866019359e-07
ENSMUSE00001299140,24.6939138529548,3.41191703337535,0.81739564165753,4.17413166830276,2.99124731905203e-05,0.000383319105526601
ENSMUSE00001314054,4.66573578303433,3.81754734008659,1.36130286965039,2.80433357278312,0.00504207104700921,0.0297714902744944
ENSMUSE00001316158,82.8685776139432,3.5015238326166,0.483162833218193,7.24708854216719,4.25825615640419e-13,2.49514307301974e-11
ENSMUSE00001327752,10.6366090459422,2.18735057523588,0.782067731512736,2.79688125094349,0.00515984939658604,0.0303037520797203
ENSMUSE00001329967,118.725153218847,5.30834140894821,0.447667982273611,11.8577642787592,1.9614266607504e-32,3.01118220958402e-29
ENSMUSE00001330328,8.83788829178111,3.10650853655781,0.921751552313587,3.37022327628362,0.000751073001574493,0.00611106988782826
ENSMUSE00001330941,207.462535690834,2.06920997087426,0.353718150973254,5.84988348825425,4.91917470405665e-09,1.56456474261704e-07
ENSMUSE00001333681,8.03581813274792,3.27929924922608,1.00774497727355,3.25409634697283,0.00113753692617453,0.00863672942167727
ENSMUSE00001333865,5.59261821639924,2.78827696661319,1.05377658459783,2.64598493396711,0.00814534441654519,0.0438655887146075
ENSMUSE00001334774,323.004492434933,1.58495446674506,0.395724051175396,4.00520125586849,6.19647015087291e-05,0.000723958978357693
ENSMUSE00001335329,30.6422787470841,4.41223545745488,0.786037836735302,5.61326090329249,1.98548882901124e-08,5.4237054275766e-07
ENSMUSE00001337258,753.449189714052,0.921222666442364,0.309799503487605,2.97360924104651,0.00294319620449012,0.0191865595756956
ENSMUSE00001339478,381.932520532055,2.36539292193816,0.351818678282363,6.72332956705537,1.77618215799472e-11,8.62909762327055e-10
ENSMUSE00001340962,11.7795919016947,4.66867861306413,1.28615330007283,3.62995500831802,0.000283470625817865,0.00268351200343847
ENSMUSE00001341565,68.1300444840829,5.05373084229721,0.509101841730864,9.92675812194147,3.18440592119078e-23,6.43249996080538e-21
ENSMUSE00001344912,545.807950609643,0.976364291881083,0.235666053824263,4.14299928240476,3.42793018346563e-05,0.00042854710241502
ENSMUSE00001345397,25.3489499358995,1.95712858404806,0.577681098689233,3.38790482930602,0.000704286974592495,0.0057695910533319
ENSMUSE00001346164,694.642569718844,7.4839534695378,0.655854288940954,11.4110002720613,3.68467493943216e-30,3.53544560438516e-27
ENSMUSE00001347451,112.89774733086,2.75641708275115,0.475808842487758,5.79311865735674,6.90912564128429e-09,2.12137793689993e-07
ENSMUSE00001352046,31.6814739350139,2.30369533670933,0.751221290406329,3.06660016978922,0.00216508250729186,0.014891732370943
ENSMUSE00001352103,96.1390725600119,1.68097208012279,0.457673159350868,3.6728657684601,0.000239845487207234,0.0023304480503832
ENSMUSE00001354402,201.028741365008,2.22470095384411,0.383819621992533,5.79621474872743,6.78283993321685e-09,2.09096704125994e-07
ENSMUSE00001358137,6.51557820323761,3.54185146577693,1.29355749911587,2.73807037429549,0.00618008496730222,0.035113495343458
ENSMUSE00001359660,447.829626273132,1.38895591539647,0.38310242793161,3.62554714908886,0.000288350278093973,0.00272248060842477
ENSMUSE00001363061,114.642400165021,1.11096933756704,0.414873641196992,2.67784989752946,0.00740964157139699,0.0408301570007489
ENSMUSE00001367056,13.8008916348083,2.55118772045551,0.905650659393136,2.8169666681025,0.00484795566385435,0.0288695947833561
ENSMUSE00001369108,5.40599847918268,3.73321602158166,1.37202888042563,2.72094565562173,0.0065095462004191,0.0366588070477339
ENSMUSE00001369153,54.8781295420046,3.91100103659123,0.638423861399921,6.12602578483718,9.01012107903898e-10,3.32508122128381e-08
ENSMUSE00001371370,191.936845188762,6.40035236679682,0.635561100313368,10.0703966363597,7.46763181058194e-24,1.63775833651506e-21
ENSMUSE00001373378,24.3680754421389,3.31409863167907,0.692388049376501,4.78647578429961,1.69735408112497e-06,3.00725043842286e-05
ENSMUSE00001374065,7.17873403467758,2.22874836612054,0.818390713431358,2.72333046983856,0.00646273751114878,0.0364496496220265
ENSMUSE00001376154,35.3084003651727,1.96298933563202,0.615782183581017,3.18779819873394,0.00143360550682583,0.0105204167020985
ENSMUSE00001376392,11.6812251594717,2.98367194842485,1.07984264347053,2.76306179096201,0.00572619249627981,0.0330483109785292
ENSMUSE00001376454,9.24153724908029,2.93521680596226,0.905825920168997,3.24037625840366,0.00119372070379833,0.00903648927254038
ENSMUSE00001378336,121.929778020689,1.6823448933845,0.352043457523952,4.77879891652308,1.76345446318993e-06,3.09047407749906e-05
ENSMUSE00001379969,42.6775862407327,1.65063538216865,0.46093067987097,3.58109245978315,0.000342160533036989,0.00311556850722648
ENSMUSE00001383091,402.902423883928,1.57213000876765,0.378035152654926,4.15868735414324,3.20081641593091e-05,0.000405436746017916
ENSMUSE00001387561,103.696035009655,1.57509799635696,0.307854250533816,5.11637566681558,3.11462430099153e-07,6.69687846902269e-06
ENSMUSE00001389522,10.7244252906912,2.26035621383941,0.746017885830854,3.0298954713693,0.00244638390673876,0.0165012678981781
ENSMUSE00001390071,20.0084552855789,3.92904944938053,0.767189450929038,5.12135489431274,3.03348120517776e-07,6.55915541716746e-06
ENSMUSE00001390348,49.1123845129367,4.19503280711512,0.539384061579173,7.77745044010604,7.40007449934902e-15,5.35877092990595e-13
ENSMUSE00001390826,75.1710580774374,3.59568534930691,0.398156054399531,9.03084433747879,1.70352264750286e-19,2.25452411072965e-17
ENSMUSE00001399671,6.06382224160549,5.38625415831701,1.49974640670867,3.59144328282648,0.000328851748730039,0.00302307308173866
ENSMUSE00001404550,9.76169496971281,2.28583171615648,0.795369100553239,2.87392572148769,0.00405404295418275,0.0248354618645704
ENSMUSE00001408279,47.6102159133969,2.53910122588015,0.541817252811337,4.68626868691514,2.78230949594081e-06,4.6631021159043e-05
ENSMUSE00001410571,28.8103372682253,1.85417930800367,0.524927851035966,3.53225553634537,0.000412030991801188,0.00361457130636105
ENSMUSE00001413702,35.2919756474391,1.2361543691567,0.448304741884676,2.75739748805666,0.00582634787600239,0.0335004092106325
ENSMUSE00001417821,15.3658511444402,2.28817478932819,0.624966750849018,3.6612744377516,0.000250963755020364,0.00241706120895397
ENSMUSE00001418653,50.7956246956862,1.73954413546208,0.47100975382908,3.69322316856591,0.000221429538145354,0.00218961752369119
ENSMUSE00001420108,26.6827909050768,2.51001778560069,0.688169576540432,3.6473826672476,0.000264925223606124,0.00252931096567239
ENSMUSE00001420343,17.8474296530301,1.90789823252277,0.732917978916008,2.603153814489,0.00923705016951749,0.0480702353228585
ENSMUSE00001422827,45.8039077107054,3.59788409477936,1.3411014926124,2.68278285767236,0.00730123794990792,0.0402844489505904
ENSMUSE00001425318,6.3903967198169,2.36996993386842,0.905136738108241,2.61835569598215,0.00883546528296021,0.0464846000767667
ENSMUSE00001426547,332.809673009777,0.626660364983413,0.234285832712816,2.67476849849288,0.00747808685381608,0.0411187641045073
ENSMUSE00001427254,549.841770930901,1.36006721124823,0.215862533494642,6.30061729207859,2.96462568621535e-10,1.19143805064864e-08
ENSMUSE00001428135,7.86261989568382,2.99018338457738,1.1085473004069,2.69738908162044,0.00698855621963132,0.0389007668904206
ENSMUSE00001431227,518.531541886393,0.698625782912286,0.246286145056842,2.83664264894416,0.004559060737022,0.0274904557874162
ENSMUSE00001433835,505.53421595347,0.913522243463371,0.343496990036975,2.65947670564751,0.00782621417307123,0.0425871732073447
ENSMUSE00001433937,14.294991475967,2.62766610602662,0.734071645085761,3.57957717563063,0.000344150602082552,0.00312997632889297
ENSMUSE00001435209,40.3977752172756,1.66437839080694,0.552823200046597,3.01068839127347,0.00260656196491788,0.017368029203741
ENSMUSE00001441139,89.1842177154274,2.00861255394436,0.556873440058655,3.60694622773317,0.000309821834187214,0.00288265745360128
ENSMUSE00001442230,95.656433080253,6.40491719393916,0.769635913301846,8.32200925559876,8.64845556021717e-17,8.40323352914266e-15
ENSMUSE00001443609,38.2159873947658,2.64020882736203,0.491834098935756,5.36808820916441,7.95756346996953e-08,1.92082569797126e-06
ENSMUSE00001444427,39.2618590730862,2.16627696237613,0.468043249807863,4.62836920149026,3.68556526460658e-06,6.00645413399578e-05
ENSMUSE00001445019,89.8563390217607,1.95037590036952,0.541766857796703,3.60002807905498,0.00031818281879593,0.00294261604467175
ENSMUSE00001446235,134.344193060218,1.1384264197344,0.314651551535621,3.61805436578474,0.000296826054323872,0.00279220195219368
ENSMUSE00001449213,12.385283127655,5.87255882010163,1.37888810516698,4.25890889775314,2.0542716590366e-05,0.00027328577564584
ENSMUSE00001450240,106.097551974575,1.50169449833967,0.419785177127308,3.57729281585436,0.000347171196936195,0.00314621811519433
ENSMUSE00001451236,19.4351373700508,2.72679316298949,0.82001276260777,3.32530576026385,0.000883216176011064,0.00698924470831024
ENSMUSE00001453477,14.3520425134835,3.18757275168887,0.833323793453935,3.8251310915738,0.000130702519031838,0.00139731550987241
ENSMUSE00001455028,378.685882828913,1.76943841517044,0.355411846237333,4.97855778838859,6.40598175533139e-07,1.24486875832718e-05
ENSMUSE00001455645,11.4539166585567,2.13939682405805,0.781147682839666,2.73878662262789,0.00616663817744176,0.0350630478889207
ENSMUSE00001460081,523.204240578981,0.673863128847703,0.219520555012493,3.06970401386491,0.00214271006286579,0.0147846764123217
