"ID","Description","GeneRatio","BgRatio","pvalue","p.adjust","qvalue","geneID","Count"
"GO:0005758","mitochondrial intermembrane space","7/361","75/23407",0.000158044433726478,0.0410913900168872,0.0378473329102908,"Timm9/Timm10/Thop1/Hax1/Chchd4/Shmt2/Uqcc2",7
"GO:0005741","mitochondrial outer membrane","10/361","169/23407",0.000307347774069764,0.0410913900168872,0.0378473329102908,"Dmpk/Bcl2a1a/Bcl2a1b/Acsl6/Myo19/Bcl2l1/Hax1/Hk2/Bcl2a1d/Akap1",10
"GO:0031970","organelle envelope lumen","7/361","88/23407",0.000426165666036622,0.0410913900168872,0.0378473329102908,"Timm9/Timm10/Thop1/Hax1/Chchd4/Shmt2/Uqcc2",7
"GO:0019867","outer membrane","10/361","186/23407",0.000653377756939722,0.0410913900168872,0.0378473329102908,"Dmpk/Bcl2a1a/Bcl2a1b/Acsl6/Myo19/Bcl2l1/Hax1/Hk2/Bcl2a1d/Akap1",10
"GO:0031968","organelle outer membrane","10/361","186/23407",0.000653377756939722,0.0410913900168872,0.0378473329102908,"Dmpk/Bcl2a1a/Bcl2a1b/Acsl6/Myo19/Bcl2l1/Hax1/Hk2/Bcl2a1d/Akap1",10
"GO:0009295","nucleoid","5/361","47/23407",0.000764999282229283,0.0410913900168872,0.0378473329102908,"Dnaja3/Atad3a/Shmt2/Top1mt/Uqcc2",5
"GO:0042645","mitochondrial nucleoid","5/361","47/23407",0.000764999282229283,0.0410913900168872,0.0378473329102908,"Dnaja3/Atad3a/Shmt2/Top1mt/Uqcc2",5
"GO:0017101","aminoacyl-tRNA synthetase multienzyme complex","3/361","13/23407",0.000927567708512967,0.0435956823001094,0.0401539179079956,"Yars/Mars/Lars",3
"GO:0005802","trans-Golgi network","9/361","216/23407",0.00657156770433933,0.269613259709519,0.248328002364031,"Chac1/Scamp4/Snx9/Furin/Dennd5a/Chst2/Chst3/Pcsk4/Cpd",9
"GO:0019866","organelle inner membrane","15/361","476/23407",0.00745913374522922,0.269613259709519,0.248328002364031,"Coq4/Timm9/Timm10/AA467197/Slc9b2/Bcl2l1/Atad3a/Timm50/Shmt2/Akap1/Slc25a39/Prodh/Psen2/Uqcc2/Aldh18a1",15
"GO:0005743","mitochondrial inner membrane","14/361","434/23407",0.007887621959587,0.269613259709519,0.248328002364031,"Coq4/Timm9/Timm10/AA467197/Slc9b2/Bcl2l1/Atad3a/Timm50/Shmt2/Akap1/Slc25a39/Prodh/Uqcc2/Aldh18a1",14
"GO:0016528","sarcoplasm","5/361","83/23407",0.00923897215017942,0.289487794038955,0.266633494509564,"Dmpk/Hax1/Hk2/Jph4/Tmem109",5
"GO:0032797","SMN complex","2/361","11/23407",0.0118995176470085,0.33199784842274,0.305787491968313,"Gemin5/Gemin4",2
"GO:0005675","transcription factor TFIIH holo complex","2/361","12/23407",0.0141350735889625,0.33199784842274,0.305787491968313,"Gtf2h2/Gtf2h4",2
"GO:0070160","tight junction","6/361","128/23407",0.0145628658561794,0.33199784842274,0.305787491968313,"Epha2/Cdk4/Jam2/Cldn12/Ccdc85c/Synpo",6
"GO:0031012","extracellular matrix","14/361","474/23407",0.0160190979403288,0.33199784842274,0.305787491968313,"Lad1/Egfl7/Lingo4/F3/Lrrc32/Mmp13/Plscr1/Adam19/Wnt3/Ccn4/Serpine2/Alpl/Mmp23/Vegfa",14
"GO:0031594","neuromuscular junction","5/361","97/23407",0.0172508549370027,0.33199784842274,0.305787491968313,"Kcnc3/Syngr1/Dnaja3/Serpine2/Akap1",5
"GO:0005903","brush border","6/361","134/23407",0.0178681124792856,0.33199784842274,0.305787491968313,"Slc19a1/Slc46a1/Soat2/Slc7a11/Slc5a6/Myo1d",6
"GO:0005769","early endosome","9/361","261/23407",0.0205348547199673,0.33199784842274,0.305787491968313,"Sh3gl3/Eea1/Havcr2/Rab34/Furin/Ankrd13b/Litaf/Psen2/Lipg",9
"GO:0034719","SMN-Sm protein complex","2/361","15/23407",0.0218142595926076,0.33199784842274,0.305787491968313,"Gemin5/Gemin4",2
"GO:0097449","astrocyte projection","2/361","15/23407",0.0218142595926076,0.33199784842274,0.305787491968313,"Adgrg1/Slc7a11",2
"GO:0030658","transport vesicle membrane","6/361","141/23407",0.0223342692071174,0.33199784842274,0.305787491968313,"Slc9b2/Syngr1/Sema4c/Bcl2l1/Furin/Ptprs",6
"GO:0043296","apical junction complex","6/361","141/23407",0.0223342692071174,0.33199784842274,0.305787491968313,"Cdk4/Jam2/Cldn12/Kifc3/Ccdc85c/Synpo",6
"GO:0008021","synaptic vesicle","8/361","225/23407",0.0239660688876482,0.33199784842274,0.305787491968313,"Slc9b2/Syngr1/Syt7/Sema4c/Bcl2l1/Stx11/Psen2/Ptprs",8
"GO:0043196","varicosity","2/361","16/23407",0.0246798786798344,0.33199784842274,0.305787491968313,"Mgll/Map1b",2
"GO:0045121","membrane raft","11/361","364/23407",0.0265537216683348,0.33199784842274,0.305787491968313,"Cflar/Rgs16/Plscr1/Hyal2/Jak2/Sdc4/Furin/Rangrf/Myo1d/Hspa1a/Tnf",11
"GO:0098857","membrane microdomain","11/361","365/23407",0.0270171339414684,0.33199784842274,0.305787491968313,"Cflar/Rgs16/Plscr1/Hyal2/Jak2/Sdc4/Furin/Rangrf/Myo1d/Hspa1a/Tnf",11
"GO:0016529","sarcoplasmic reticulum","4/361","74/23407",0.027530742370617,0.33199784842274,0.305787491968313,"Dmpk/Hax1/Hk2/Tmem109",4
"GO:0031526","brush border membrane","4/361","74/23407",0.027530742370617,0.33199784842274,0.305787491968313,"Slc19a1/Slc46a1/Slc7a11/Slc5a6",4
"GO:0030672","synaptic vesicle membrane","5/361","110/23407",0.0279289674737783,0.33199784842274,0.305787491968313,"Slc9b2/Syngr1/Sema4c/Bcl2l1/Ptprs",5
"GO:0099501","exocytic vesicle membrane","5/361","110/23407",0.0279289674737783,0.33199784842274,0.305787491968313,"Slc9b2/Syngr1/Sema4c/Bcl2l1/Ptprs",5
"GO:0030133","transport vesicle","10/361","323/23407",0.0290835824181953,0.33199784842274,0.305787491968313,"Slc9b2/Scamp4/Syngr1/Syt7/Sema4c/Bcl2l1/Furin/Stx11/Psen2/Ptprs",10
"GO:0098862","cluster of actin-based cell projections","7/361","191/23407",0.0291381090371022,0.33199784842274,0.305787491968313,"Slc19a1/Slc46a1/Soat2/Slc7a11/Slc5a6/Cdh23/Myo1d",7
"GO:0098685","Schaffer collateral - CA1 synapse","5/361","113/23407",0.0308763056961033,0.341455615933378,0.314498593622848,"Pde4a/Adora2b/Nefh/Ptprs/Synpo",5
"GO:0098589","membrane region","11/361","377/23407",0.0330419076770449,0.35407541850604,0.326122095992405,"Cflar/Rgs16/Plscr1/Hyal2/Jak2/Sdc4/Furin/Rangrf/Myo1d/Hspa1a/Tnf",11
"GO:0000791","euchromatin","3/361","46/23407",0.0339008379420676,0.35407541850604,0.326122095992405,"Myc/Rrp1b/Ruvbl2",3
"GO:0070382","exocytic vesicle","8/361","246/23407",0.0377092459136907,0.359121044832884,0.330769383398709,"Slc9b2/Syngr1/Syt7/Sema4c/Bcl2l1/Stx11/Psen2/Ptprs",8
"GO:0005923","bicellular tight junction","5/361","121/23407",0.0396628791145989,0.359121044832884,0.330769383398709,"Cdk4/Jam2/Cldn12/Ccdc85c/Synpo",5
"GO:0098791","Golgi subcompartment","12/361","438/23407",0.040239019029032,0.359121044832884,0.330769383398709,"Chac1/Hyal2/Scamp4/Rab34/Snx9/Cabp1/Furin/Dennd5a/Chst2/Chst3/Pcsk4/Cpd",12
"GO:0031253","cell projection membrane","9/361","296/23407",0.0410109180662003,0.359121044832884,0.330769383398709,"Kcnc3/Slc19a1/Slc46a1/Cd44/Slc7a11/Slc5a6/Plek/Myo1d/Pde6g",9
"GO:0030673","axolemma","2/361","21/23407",0.0410696939569522,0.359121044832884,0.330769383398709,"Kcnc3/Myo1d",2
"GO:0031362","anchored component of external side of plasma membrane","2/361","21/23407",0.0410696939569522,0.359121044832884,0.330769383398709,"Hyal2/Izumo1r",2
"GO:0032806","carboxy-terminal domain protein kinase complex","2/361","21/23407",0.0410696939569522,0.359121044832884,0.330769383398709,"Gtf2h2/Gtf2h4",2
"GO:0044304","main axon","4/361","86/23407",0.0441122304304803,0.376959060042286,0.347199134249474,"Mgll/Kcnc3/Myo1d/Map1b",4
"GO:0045335","phagocytic vesicle","4/361","87/23407",0.0456988558261967,0.38183932868111,0.351694118522075,"Slamf1/Rab34/Syt7/Stx11",4
"GO:0097470","ribbon synapse","2/361","23/23407",0.048497557520679,0.389065607578027,0.358349901716604,"Cdh23/Nlgn2",2
"GO:0030139","endocytic vesicle","6/361","170/23407",0.0486332009472534,0.389065607578027,0.358349901716604,"Slamf1/Dab2ip/Hyal2/Rab34/Syt7/Stx11",6
"GO:0031233","intrinsic component of external side of plasma membrane","2/361","24/23407",0.0523800429694735,0.401936656255552,0.370204814972219,"Hyal2/Izumo1r",2
"GO:0060077","inhibitory synapse","2/361","24/23407",0.0523800429694735,0.401936656255552,0.370204814972219,"Igsf9/Nlgn2",2
"GO:0097440","apical dendrite","2/361","26/23407",0.0604606349837103,0.454663975077501,0.418769450729278,"Myo1d/Map1b",2
"GO:0016323","basolateral plasma membrane","7/361","227/23407",0.0629307584995271,0.462846784804846,0.426306249162358,"Slc9b2/Slc19a1/Slc29a2/Cd44/Myo1d/Pdgfb/Hspa1a",7
"GO:0016459","myosin complex","3/361","60/23407",0.0654372977390791,0.462846784804846,0.426306249162358,"Myo19/Myo10/Myo1d",3
"GO:0005911","cell-cell junction","12/361","475/23407",0.0659186095619563,0.462846784804846,0.426306249162358,"Epha2/Kit/Mmp13/Cdk4/Jam2/Clic4/Cldn12/Kifc3/Rangrf/Ccdc85c/Ndrg1/Synpo",12
"GO:0012506","vesicle membrane","9/361","327/23407",0.0680303614889947,0.462846784804846,0.426306249162358,"Slc9b2/Syngr1/Snx9/Sema4c/Bcl2l1/Slc5a6/Furin/Pcsk4/Ptprs",9
"GO:0005942","phosphatidylinositol 3-kinase complex","2/361","28/23407",0.068934627524126,0.462846784804846,0.426306249162358,"Cish/Socs2",2
"GO:0097386","glial cell projection","2/361","28/23407",0.068934627524126,0.462846784804846,0.426306249162358,"Adgrg1/Slc7a11",2
"GO:0097228","sperm principal piece","2/361","30/23407",0.077770517244453,0.50132588604511,0.461747526620496,"Slc9b2/Catsperd",2
"GO:0031225","anchored component of membrane","6/361","193/23407",0.0791818857102532,0.50132588604511,0.461747526620496,"Sema7a/Hyal2/Cd160/Alpl/Izumo1r/Ly6a",6
"GO:0044431","Golgi apparatus part","12/361","491/23407",0.0797605461360405,0.50132588604511,0.461747526620496,"Chac1/Hyal2/Scamp4/Rab34/Snx9/Cabp1/Furin/Dennd5a/Chst2/Chst3/Pcsk4/Cpd",12
"GO:0000139","Golgi membrane","7/361","241/23407",0.0806719886778968,0.50132588604511,0.461747526620496,"Hyal2/Scamp4/Cabp1/Furin/Chst2/Chst3/Pcsk4",7
"GO:0031256","leading edge membrane","5/361","149/23407",0.0813321251296588,0.50132588604511,0.461747526620496,"Epha2/Kcnc3/Cd44/Plek/Myo1d",5
"GO:0042734","presynaptic membrane","6/361","198/23407",0.0869814648037639,0.527500496229278,0.485855720211177,"Kcnc3/Fosl1/Syt7/Stx11/Psen2/Ptprs",6
"GO:0030659","cytoplasmic vesicle membrane","8/361","302/23407",0.0971416156630114,0.563026046000895,0.518576621316613,"Slc9b2/Syngr1/Snx9/Sema4c/Bcl2l1/Furin/Pcsk4/Ptprs",8
"GO:0090575","RNA polymerase II transcription factor complex","5/361","160/23407",0.102281679555065,0.563026046000895,0.518576621316613,"Hyal2/Hoxb9/Gemin5/Gtf2h2/Gtf2h4",5
"GO:0005669","transcription factor TFIID complex","2/361","36/23407",0.10615740750371,0.563026046000895,0.518576621316613,"Gtf2h2/Gtf2h4",2
"GO:0005719","nuclear euchromatin","2/361","36/23407",0.10615740750371,0.563026046000895,0.518576621316613,"Myc/Ruvbl2",2
"GO:0005790","smooth endoplasmic reticulum","2/361","36/23407",0.10615740750371,0.563026046000895,0.518576621316613,"Myo1d/Jph4",2
"GO:0032809","neuronal cell body membrane","2/361","36/23407",0.10615740750371,0.563026046000895,0.518576621316613,"Dab2ip/Kcnc3",2
"GO:0046658","anchored component of plasma membrane","3/361","74/23407",0.10634936423741,0.563026046000895,0.518576621316613,"Hyal2/Cd160/Izumo1r",3
"GO:0120114","Sm-like protein family complex","3/361","74/23407",0.10634936423741,0.563026046000895,0.518576621316613,"Prpf40b/Gemin5/Gemin4",3
"GO:0045177","apical part of cell","10/361","413/23407",0.108126238624558,0.563026046000895,0.518576621316613,"Hyal2/Slc19a1/Reep6/Slc46a1/Cd44/Hax1/Clic4/Cdh23/Psen2/Hspa1a",10
"GO:0019898","extrinsic component of membrane","8/361","311/23407",0.109935837931827,0.563026046000895,0.518576621316613,"Mgll/Cish/Eea1/Dnaja3/Snx9/Serpine2/Styk1/Socs2",8
"GO:0030027","lamellipodium","5/361","164/23407",0.110505779391182,0.563026046000895,0.518576621316613,"Epha2/Myo10/Cd44/Hax1/Plxnd1",5
"GO:0034399","nuclear periphery","4/361","119/23407",0.112457195646038,0.563026046000895,0.518576621316613,"Cad/Jak2/Clic4/Ipo4",4
"GO:0016234","inclusion body","3/361","76/23407",0.112854424409278,0.563026046000895,0.518576621316613,"Gys1/Nefh/Hspa1a",3
"GO:0005759","mitochondrial matrix","7/361","263/23407",0.113803136957628,0.563026046000895,0.518576621316613,"Dnaja3/Mrps6/Atad3a/Shmt2/C1qbp/Top1mt/Uqcc2",7
"GO:0044298","cell body membrane","2/361","38/23407",0.116155904559583,0.567202858628611,0.522423685578984,"Dab2ip/Kcnc3",2
"GO:0005764","lysosome","10/361","428/23407",0.127791862657366,0.60960638776125,0.561479567674836,"Il4i1/Mmp13/Hyal2/Trip10/Syt7/Tmbim1/Prss16/Gzmb/Litaf/Lars",10
"GO:0000323","lytic vacuole","10/361","429/23407",0.129167981381192,0.60960638776125,0.561479567674836,"Il4i1/Mmp13/Hyal2/Trip10/Syt7/Tmbim1/Prss16/Gzmb/Litaf/Lars",10
"GO:1902554","serine/threonine protein kinase complex","3/361","82/23407",0.133229825208128,0.60960638776125,0.561479567674836,"Cdk4/Gtf2h2/Gtf2h4",3
"GO:0031252","cell leading edge","9/361","380/23407",0.135334272833722,0.60960638776125,0.561479567674836,"Epha2/Kcnc3/Rab34/Myo10/Cd44/Hax1/Plxnd1/Plek/Myo1d",9
"GO:0055038","recycling endosome membrane","2/361","42/23407",0.136808903416152,0.60960638776125,0.561479567674836,"Scamp4/Ndrg1",2
"GO:0005720","nuclear heterochromatin","2/361","43/23407",0.142092286908859,0.60960638776125,0.561479567674836,"A1cf/Pcgf2",2
"GO:0005883","neurofilament","1/361","10/23407",0.143977969207504,0.60960638776125,0.561479567674836,"Nefh",1
"GO:0008250","oligosaccharyltransferase complex","1/361","10/23407",0.143977969207504,0.60960638776125,0.561479567674836,"Krtcap2",1
"GO:0046581","intercellular canaliculus","1/361","10/23407",0.143977969207504,0.60960638776125,0.561479567674836,"Mmp13",1
"GO:0030285","integral component of synaptic vesicle membrane","2/361","45/23407",0.152784531334157,0.60960638776125,0.561479567674836,"Syngr1/Ptprs",2
"GO:0043679","axon terminus","5/361","183/23407",0.153637445275706,0.60960638776125,0.561479567674836,"Ncs1/Hnrnpr/Cad/Kcnc3/Syt7",5
"GO:0016363","nuclear matrix","3/361","88/23407",0.154766608735631,0.60960638776125,0.561479567674836,"Cad/Jak2/Clic4",3
"GO:0005744","TIM23 mitochondrial import inner membrane translocase complex","1/361","11/23407",0.157185814363553,0.60960638776125,0.561479567674836,"Timm50",1
"GO:0005751","mitochondrial respiratory chain complex IV","1/361","11/23407",0.157185814363553,0.60960638776125,0.561479567674836,"AA467197",1
"GO:0060091","kinocilium","1/361","11/23407",0.157185814363553,0.60960638776125,0.561479567674836,"Cdh23",1
"GO:0097732","9+2 non-motile cilium","1/361","11/23407",0.157185814363553,0.60960638776125,0.561479567674836,"Cdh23",1
"GO:0019897","extrinsic component of plasma membrane","5/361","185/23407",0.158539257272631,0.60960638776125,0.561479567674836,"Eea1/Dnaja3/Snx9/Serpine2/Styk1",5
"GO:0043204","perikaryon","4/361","137/23407",0.161979907872759,0.60960638776125,0.561479567674836,"Ifng/Ppp5c/Nefh/Map1b",4
"GO:0005902","microvillus","3/361","91/23407",0.165918574853201,0.60960638776125,0.561479567674836,"Hyal2/Cd44/Clic4",3
"GO:0055037","recycling endosome","4/361","139/23407",0.167912615681357,0.60960638776125,0.561479567674836,"Scamp4/Eea1/Ndrg1/Tnf",4
"GO:0000812","Swr1 complex","1/361","12/23407",0.170190427161243,0.60960638776125,0.561479567674836,"Ruvbl2",1
"GO:0030061","mitochondrial crista","1/361","12/23407",0.170190427161243,0.60960638776125,0.561479567674836,"Akap1",1
"GO:0030688","preribosome, small subunit precursor","1/361","12/23407",0.170190427161243,0.60960638776125,0.561479567674836,"Rrp1b",1
"GO:0031932","TORC2 complex","1/361","12/23407",0.170190427161243,0.60960638776125,0.561479567674836,"Prr5l",1
"GO:0032009","early phagosome","1/361","12/23407",0.170190427161243,0.60960638776125,0.561479567674836,"Syt7",1
"GO:0036128","CatSper complex","1/361","12/23407",0.170190427161243,0.60960638776125,0.561479567674836,"Catsperd",1
"GO:0098684","photoreceptor ribbon synapse","1/361","12/23407",0.170190427161243,0.60960638776125,0.561479567674836,"Cdh23",1
"GO:0005791","rough endoplasmic reticulum","3/361","94/23407",0.177298749527209,0.60960638776125,0.561479567674836,"Myc/Slc7a11/Rangrf",3
"GO:0000792","heterochromatin","3/361","95/23407",0.181139327571953,0.60960638776125,0.561479567674836,"Rrp1b/A1cf/Pcgf2",3
"GO:0012510","trans-Golgi network transport vesicle membrane","1/361","13/23407",0.182994926233472,0.60960638776125,0.561479567674836,"Furin",1
"GO:0032437","cuticular plate","1/361","13/23407",0.182994926233472,0.60960638776125,0.561479567674836,"Snx9",1
"GO:0030136","clathrin-coated vesicle","3/361","97/23407",0.188886776898125,0.60960638776125,0.561479567674836,"Snx9/Hax1/Furin",3
"GO:0097730","non-motile cilium","4/361","148/23407",0.19550794076562,0.60960638776125,0.561479567674836,"Gpr83/Cdh23/Pde6g/Map1b",4
"GO:0071004","U2-type prespliceosome","1/361","14/23407",0.195602382488483,0.60960638776125,0.561479567674836,"Prpf40b",1
"GO:0071010","prespliceosome","1/361","14/23407",0.195602382488483,0.60960638776125,0.561479567674836,"Prpf40b",1
"GO:0098690","glycinergic synapse","1/361","14/23407",0.195602382488483,0.60960638776125,0.561479567674836,"Nlgn2",1
"GO:0030173","integral component of Golgi membrane","2/361","53/23407",0.196872620148168,0.60960638776125,0.561479567674836,"Furin/Pcsk4",2
"GO:0005667","transcription factor complex","9/361","417/23407",0.197217878136069,0.60960638776125,0.561479567674836,"Hyal2/Cdk4/Hoxb9/Rcor2/Nr6a1/Hax1/Gemin5/Gtf2h2/Gtf2h4",9
"GO:0044798","nuclear transcription factor complex","5/361","202/23407",0.202595234148524,0.60960638776125,0.561479567674836,"Hyal2/Hoxb9/Gemin5/Gtf2h2/Gtf2h4",5
"GO:1902911","protein kinase complex","3/361","101/23407",0.20462620761849,0.60960638776125,0.561479567674836,"Cdk4/Gtf2h2/Gtf2h4",3
"GO:0005852","eukaryotic translation initiation factor 3 complex","1/361","15/23407",0.208015819838188,0.60960638776125,0.561479567674836,"Eif3k",1
"GO:0031011","Ino80 complex","1/361","15/23407",0.208015819838188,0.60960638776125,0.561479567674836,"Ruvbl2",1
"GO:0035102","PRC1 complex","1/361","15/23407",0.208015819838188,0.60960638776125,0.561479567674836,"Pcgf2",1
"GO:0038201","TOR complex","1/361","15/23407",0.208015819838188,0.60960638776125,0.561479567674836,"Prr5l",1
"GO:0042622","photoreceptor outer segment membrane","1/361","15/23407",0.208015819838188,0.60960638776125,0.561479567674836,"Pde6g",1
"GO:0061702","inflammasome complex","1/361","15/23407",0.208015819838188,0.60960638776125,0.561479567674836,"Casp4",1
"GO:0098845","postsynaptic endosome","1/361","15/23407",0.208015819838188,0.60960638776125,0.561479567674836,"Sh3gl3",1
"GO:0001917","photoreceptor inner segment","2/361","55/23407",0.20813612670334,0.60960638776125,0.561479567674836,"Reep6/Cdh23",2
"GO:0031228","intrinsic component of Golgi membrane","2/361","55/23407",0.20813612670334,0.60960638776125,0.561479567674836,"Furin/Pcsk4",2
"GO:0045211","postsynaptic membrane","8/361","368/23407",0.209971689281748,0.60960638776125,0.561479567674836,"Ncs1/Kcnc3/Dnaja3/Sema4c/Nlgn2/Akap1/Ptprs/Synpo",8
"GO:0016324","apical plasma membrane","7/361","313/23407",0.210601849752962,0.60960638776125,0.561479567674836,"Hyal2/Slc19a1/Slc46a1/Cd44/Hax1/Psen2/Hspa1a",7
"GO:0010008","endosome membrane","5/361","205/23407",0.210768165981283,0.60960638776125,0.561479567674836,"Slc9b2/Scamp4/Tmbim1/Ndrg1/Litaf",5
"GO:0044306","neuron projection terminus","5/361","205/23407",0.210768165981283,0.60960638776125,0.561479567674836,"Ncs1/Hnrnpr/Cad/Kcnc3/Syt7",5
"GO:0098982","GABA-ergic synapse","3/361","103/23407",0.212606567259259,0.610229536560928,0.562053520516644,"Syt7/Nlgn2/C1qbp",3
"GO:0033202","DNA helicase complex","1/361","16/23407",0.220238215915412,0.617829968476181,0.569053918333324,"Ruvbl2",1
"GO:0065010","extracellular membrane-bounded organelle","1/361","16/23407",0.220238215915412,0.617829968476181,0.569053918333324,"Alpl",1
"GO:0098691","dopaminergic synapse","1/361","16/23407",0.220238215915412,0.617829968476181,0.569053918333324,"Nlgn2",1
"GO:0098858","actin-based cell projection","5/361","209/23407",0.221827249319905,0.617829968476181,0.569053918333324,"Hyal2/Myo10/Cd44/Clic4/Cdh23",5
"GO:0009898","cytoplasmic side of plasma membrane","4/361","162/23407",0.240871193255928,0.661145854286124,0.608950128947746,"Kit/Snx9/Styk1/Litaf",4
"GO:0030141","secretory granule","8/361","383/23407",0.240896228822338,0.661145854286124,0.608950128947746,"Ncs1/Kit/Sh3gl3/Serpine2/Pcsk4/Gzmb/Tnf/Vegfa",8
"GO:0044455","mitochondrial membrane part","5/361","218/23407",0.247317757898249,0.667891550575268,0.615163270266694,"Timm10/AA467197/Dmpk/Timm50/Akap1",5
"GO:0031985","Golgi cisterna","2/361","62/23407",0.247974205367654,0.667891550575268,0.615163270266694,"Rab34/Furin",2
"GO:0033267","axon part","9/361","446/23407",0.252677002437087,0.667891550575268,0.615163270266694,"Ncs1/Hnrnpr/Cad/Mgll/Kcnc3/Eea1/Syt7/Myo1d/Map1b",9
"GO:0031091","platelet alpha granule","1/361","19/23407",0.255788253411805,0.667891550575268,0.615163270266694,"Serpine2",1
"GO:0043034","costamere","1/361","19/23407",0.255788253411805,0.667891550575268,0.615163270266694,"Sdc4",1
"GO:0045277","respiratory chain complex IV","1/361","19/23407",0.255788253411805,0.667891550575268,0.615163270266694,"AA467197",1
"GO:0099571","postsynaptic cytoskeleton","1/361","19/23407",0.255788253411805,0.667891550575268,0.615163270266694,"Nefh",1
"GO:0098563","intrinsic component of synaptic vesicle membrane","2/361","64/23407",0.25941982333153,0.672702438432106,0.619594351187466,"Syngr1/Ptprs",2
"GO:0031301","integral component of organelle membrane","5/361","223/23407",0.261796158591736,0.674214764592416,0.620987283177225,"Dmpk/Syngr1/Furin/Pcsk4/Ptprs",5
"GO:0099056","integral component of presynaptic membrane","3/361","116/23407",0.265846720032459,0.674466679365752,0.62121930994214,"Kcnc3/Psen2/Ptprs",3
"GO:0005685","U1 snRNP","1/361","20/23407",0.267275359642279,0.674466679365752,0.62121930994214,"Prpf40b",1
"GO:0032426","stereocilium tip","1/361","20/23407",0.267275359642279,0.674466679365752,0.62121930994214,"Cdh23",1
"GO:0043198","dendritic shaft","2/361","67/23407",0.276595568110157,0.677819957173537,0.624307855291416,"Nlgn2/Jph4",2
"GO:0030904","retromer complex","1/361","21/23407",0.278585642926546,0.677819957173537,0.624307855291416,"Dennd5a",1
"GO:0035267","NuA4 histone acetyltransferase complex","1/361","21/23407",0.278585642926546,0.677819957173537,0.624307855291416,"Ruvbl2",1
"GO:0043189","H4/H2A histone acetyltransferase complex","1/361","21/23407",0.278585642926546,0.677819957173537,0.624307855291416,"Ruvbl2",1
"GO:0101031","chaperone complex","1/361","21/23407",0.278585642926546,0.677819957173537,0.624307855291416,"Ppp5c",1
"GO:0044440","endosomal part","5/361","229/23407",0.279420461068878,0.677819957173537,0.624307855291416,"Slc9b2/Scamp4/Tmbim1/Ndrg1/Litaf",5
"GO:0032589","neuron projection membrane","2/361","68/23407",0.282317287625545,0.680457052225672,0.626736758628909,"Kcnc3/Myo1d",2
"GO:0001891","phagocytic cup","1/361","22/23407",0.289721817685098,0.682063060073023,0.628215976383048,"Tnf",1
"GO:0031307","integral component of mitochondrial outer membrane","1/361","22/23407",0.289721817685098,0.682063060073023,0.628215976383048,"Dmpk",1
"GO:0033643","host cell part","1/361","22/23407",0.289721817685098,0.682063060073023,0.628215976383048,"Axl",1
"GO:0044853","plasma membrane raft","3/361","123/23407",0.29516064700421,0.682063060073023,0.628215976383048,"Jak2/Rangrf/Myo1d",3
"GO:0098562","cytoplasmic side of membrane","4/361","179/23407",0.298686449115571,0.682063060073023,0.628215976383048,"Kit/Snx9/Styk1/Litaf",4
"GO:0000932","P-body","2/361","71/23407",0.299453980704008,0.682063060073023,0.628215976383048,"Eif4enif1/Samd4",2
"GO:0031306","intrinsic component of mitochondrial outer membrane","1/361","23/23407",0.300686556783481,0.682063060073023,0.628215976383048,"Dmpk",1
"GO:0031965","nuclear membrane","5/361","238/23407",0.306270250654364,0.682063060073023,0.628215976383048,"Dmpk/Cdk4/Ipo4/Psen2/Tmem109",5
"GO:0097223","sperm part","5/361","238/23407",0.306270250654364,0.682063060073023,0.628215976383048,"Slc9b2/Kit/Sh3gl3/Catsperd/Pcsk4",5
"GO:0002080","acrosomal membrane","1/361","24/23407",0.311482492166699,0.682063060073023,0.628215976383048,"Pcsk4",1
"GO:0018995","host","1/361","24/23407",0.311482492166699,0.682063060073023,0.628215976383048,"Axl",1
"GO:0033017","sarcoplasmic reticulum membrane","1/361","24/23407",0.311482492166699,0.682063060073023,0.628215976383048,"Dmpk",1
"GO:0043657","host cell","1/361","24/23407",0.311482492166699,0.682063060073023,0.628215976383048,"Axl",1
"GO:0097346","INO80-type complex","1/361","24/23407",0.311482492166699,0.682063060073023,0.628215976383048,"Ruvbl2",1
"GO:0099523","presynaptic cytosol","1/361","24/23407",0.311482492166699,0.682063060073023,0.628215976383048,"Ncs1",1
"GO:0001669","acrosomal vesicle","3/361","127/23407",0.312007570033404,0.682063060073023,0.628215976383048,"Kit/Sh3gl3/Pcsk4",3
"GO:0098889","intrinsic component of presynaptic membrane","3/361","128/23407",0.316224615821366,0.687285870224471,0.633026459417276,"Kcnc3/Psen2/Ptprs",3
"GO:0062023","collagen-containing extracellular matrix","7/361","359/23407",0.318583781119258,0.688433917820926,0.634083871677169,"Lad1/Egfl7/F3/Plscr1/Adam19/Serpine2/Vegfa",7
"GO:0030687","preribosome, large subunit precursor","1/361","25/23407",0.322112215483973,0.689676091523371,0.635227979034684,"Rrp1b",1
"GO:0061695","transferase complex, transferring phosphorus-containing groups","5/361","244/23407",0.324377981802974,0.689676091523371,0.635227979034684,"Cish/Cdk4/Socs2/Gtf2h2/Gtf2h4",5
"GO:0098800","inner mitochondrial membrane protein complex","3/361","130/23407",0.324661351594778,0.689676091523371,0.635227979034684,"Timm10/AA467197/Timm50",3
"GO:0016591","RNA polymerase II, holoenzyme","2/361","76/23407",0.3278505942955,0.69253833401746,0.637864255016082,"Gtf2h2/Gtf2h4",2
"GO:0097038","perinuclear endoplasmic reticulum","1/361","26/23407",0.332578278703984,0.694719071070544,0.639872828617606,"Dgat2",1
"GO:0099524","postsynaptic cytosol","1/361","26/23407",0.332578278703984,0.694719071070544,0.639872828617606,"Ncs1",1
"GO:0015629","actin cytoskeleton","9/361","488/23407",0.34041297482265,0.700124916225153,0.644851896523167,"Lad1/Tnnt2/Myo19/Myo10/Dnaja3/Snx9/Hax1/Myo1d/Synpo",9
"GO:0031300","intrinsic component of organelle membrane","5/361","250/23407",0.342599284454715,0.700124916225153,0.644851896523167,"Dmpk/Syngr1/Furin/Pcsk4/Ptprs",5
"GO:0001750","photoreceptor outer segment","2/361","79/23407",0.344743519697177,0.700124916225153,0.644851896523167,"Pde6g/Map1b",2
"GO:0005811","lipid droplet","2/361","79/23407",0.344743519697177,0.700124916225153,0.644851896523167,"Dgat2/Akap1",2
"GO:0008076","voltage-gated potassium channel complex","2/361","79/23407",0.344743519697177,0.700124916225153,0.644851896523167,"Kcnc3/Kcnq5",2
"GO:0036464","cytoplasmic ribonucleoprotein granule","4/361","193/23407",0.347439957256045,0.700124916225153,0.644851896523167,"Eif4enif1/Samd4/Nfkbiz/Mcrip2",4
"GO:0031045","dense core granule","1/361","28/23407",0.353029437950248,0.700124916225153,0.644851896523167,"Ncs1",1
"GO:1990351","transporter complex","6/361","316/23407",0.361519745831261,0.700124916225153,0.644851896523167,"Timm9/Timm10/Kcnc3/Catsperd/Kcnq5/Clic4",6
"GO:0030140","trans-Golgi network transport vesicle","1/361","29/23407",0.363019444918037,0.700124916225153,0.644851896523167,"Furin",1
"GO:0044305","calyx of Held","1/361","29/23407",0.363019444918037,0.700124916225153,0.644851896523167,"Ncs1",1
"GO:0044665","MLL1/2 complex","1/361","29/23407",0.363019444918037,0.700124916225153,0.644851896523167,"Ruvbl2",1
"GO:0071339","MLL1 complex","1/361","29/23407",0.363019444918037,0.700124916225153,0.644851896523167,"Ruvbl2",1
"GO:0000314","organellar small ribosomal subunit","1/361","30/23407",0.372855614837816,0.700124916225153,0.644851896523167,"Mrps6",1
"GO:0005763","mitochondrial small ribosomal subunit","1/361","30/23407",0.372855614837816,0.700124916225153,0.644851896523167,"Mrps6",1
"GO:0005865","striated muscle thin filament","1/361","30/23407",0.372855614837816,0.700124916225153,0.644851896523167,"Tnnt2",1
"GO:0044215","other organism","1/361","30/23407",0.372855614837816,0.700124916225153,0.644851896523167,"Axl",1
"GO:0044216","other organism cell","1/361","30/23407",0.372855614837816,0.700124916225153,0.644851896523167,"Axl",1
"GO:0044217","other organism part","1/361","30/23407",0.372855614837816,0.700124916225153,0.644851896523167,"Axl",1
"GO:0070069","cytochrome complex","1/361","30/23407",0.372855614837816,0.700124916225153,0.644851896523167,"AA467197",1
"GO:0044449","contractile fiber part","4/361","202/23407",0.378895616286975,0.700124916225153,0.644851896523167,"Tnnt2/Sdc4/Psen2/Synpo",4
"GO:0005777","peroxisome","3/361","143/23407",0.379329084942715,0.700124916225153,0.644851896523167,"Acsl6/Syt7/Pecr",3
"GO:0042579","microbody","3/361","143/23407",0.379329084942715,0.700124916225153,0.644851896523167,"Acsl6/Syt7/Pecr",3
"GO:0032588","trans-Golgi network membrane","1/361","31/23407",0.382540310181254,0.700124916225153,0.644851896523167,"Scamp4",1
"GO:0099092","postsynaptic density, intracellular component","1/361","31/23407",0.382540310181254,0.700124916225153,0.644851896523167,"Sh3gl3",1
"GO:0001726","ruffle","3/361","144/23407",0.383504804309013,0.700124916225153,0.644851896523167,"Rab34/Myo10/Plek",3
"GO:0005795","Golgi stack","2/361","86/23407",0.383579076442504,0.700124916225153,0.644851896523167,"Rab34/Furin",2
"GO:0035770","ribonucleoprotein granule","4/361","204/23407",0.385871881551083,0.70090737904931,0.64557258596647,"Eif4enif1/Samd4/Nfkbiz/Mcrip2",4
"GO:0098798","mitochondrial protein complex","5/361","265/23407",0.388366680894039,0.702047461616148,0.646622662014873,"Timm9/Timm10/AA467197/Mrps6/Timm50",5
"GO:0036379","myofilament","1/361","32/23407",0.392075857239115,0.705361350822523,0.649674928389166,"Tnnt2",1
"GO:0034705","potassium channel complex","2/361","90/23407",0.405327113149242,0.724828226517054,0.667604945476234,"Kcnc3/Kcnq5",2
"GO:0030016","myofibril","4/361","211/23407",0.41019987605138,0.724828226517054,0.667604945476234,"Tnnt2/Sdc4/Psen2/Synpo",4
"GO:0048786","presynaptic active zone","2/361","91/23407",0.410707080301963,0.724828226517054,0.667604945476234,"Stx11/C1qbp",2
"GO:0008180","COP9 signalosome","1/361","34/23407",0.410708634063707,0.724828226517054,0.667604945476234,"Hspa1a",1
"GO:0005925","focal adhesion","3/361","151/23407",0.412535214028323,0.724828226517054,0.667604945476234,"Epha2/Jak2/Sdc4",3
"GO:0043209","myelin sheath","4/361","213/23407",0.417117238111517,0.727413308778598,0.669985942296077,"Phgdh/Nefh/Myo1d/Ndrg1",4
"GO:0015030","Cajal body","1/361","35/23407",0.419810340438712,0.727413308778598,0.669985942296077,"Gemin4",1
"GO:0030665","clathrin-coated vesicle membrane","1/361","35/23407",0.419810340438712,0.727413308778598,0.669985942296077,"Furin",1
"GO:0005901","caveola","2/361","94/23407",0.426700966677951,0.735961300325273,0.677859092404856,"Jak2/Rangrf",2
"GO:0016592","mediator complex","1/361","36/23407",0.428771852808284,0.736156240437966,0.678038642508653,"Havcr2",1
"GO:0000790","nuclear chromatin","7/361","404/23407",0.431297555637689,0.737126731453505,0.678932515812439,"Irf4/Myc/A1cf/Zeb2/Ruvbl2/Pcgf2/Ipo4",7
"GO:0005924","cell-substrate adherens junction","3/361","157/23407",0.437073776475135,0.741152441801978,0.682640406922875,"Epha2/Jak2/Sdc4",3
"GO:0099091","postsynaptic specialization, intracellular component","1/361","37/23407",0.437595324680955,0.741152441801978,0.682640406922875,"Sh3gl3",1
"GO:0031234","extrinsic component of cytoplasmic side of plasma membrane","2/361","97/23407",0.442465167920458,0.745788273744995,0.686910252133548,"Snx9/Styk1",2
"GO:0000788","nuclear nucleosome","1/361","38/23407",0.446282876576127,0.745788273744995,0.686910252133548,"Irf4",1
"GO:0001772","immunological synapse","1/361","38/23407",0.446282876576127,0.745788273744995,0.686910252133548,"Havcr2",1
"GO:0055029","nuclear DNA-directed RNA polymerase complex","2/361","99/23407",0.452840894989936,0.746290542340753,0.687372867945431,"Gtf2h2/Gtf2h4",2
"GO:0000803","sex chromosome","1/361","39/23407",0.454836596528031,0.746290542340753,0.687372867945431,"Pcgf2",1
"GO:0000428","DNA-directed RNA polymerase complex","2/361","100/23407",0.457987390625587,0.746290542340753,0.687372867945431,"Gtf2h2/Gtf2h4",2
"GO:0043292","contractile fiber","4/361","225/23407",0.458175253080199,0.746290542340753,0.687372867945431,"Tnnt2/Sdc4/Psen2/Synpo",4
"GO:0005774","vacuolar membrane","3/361","163/23407",0.461218999984643,0.746290542340753,0.687372867945431,"Tmbim1/Sbf2/Litaf",3
"GO:0099699","integral component of synaptic membrane","4/361","226/23407",0.461555404813092,0.746290542340753,0.687372867945431,"Kcnc3/Nlgn2/Psen2/Ptprs",4
"GO:0016235","aggresome","1/361","40/23407",0.46325854058201,0.746290542340753,0.687372867945431,"Hspa1a",1
"GO:0099522","region of cytosol","1/361","40/23407",0.46325854058201,0.746290542340753,0.687372867945431,"Ncs1",1
"GO:0030055","cell-substrate junction","3/361","164/23407",0.465200489513653,0.746290542340753,0.687372867945431,"Epha2/Jak2/Sdc4",3
"GO:0005912","adherens junction","5/361","291/23407",0.466906217296625,0.746290542340753,0.687372867945431,"Epha2/Jak2/Sdc4/Kifc3/Ndrg1",5
"GO:0005637","nuclear inner membrane","1/361","41/23407",0.47155073328325,0.746290542340753,0.687372867945431,"Psen2",1
"GO:0005891","voltage-gated calcium channel complex","1/361","41/23407",0.47155073328325,0.746290542340753,0.687372867945431,"Catsperd",1
"GO:0030880","RNA polymerase complex","2/361","103/23407",0.473256931147495,0.746290542340753,0.687372867945431,"Gtf2h2/Gtf2h4",2
"GO:0000307","cyclin-dependent protein kinase holoenzyme complex","1/361","42/23407",0.479715168158058,0.746290542340753,0.687372867945431,"Cdk4",1
"GO:0005778","peroxisomal membrane","1/361","42/23407",0.479715168158058,0.746290542340753,0.687372867945431,"Pecr",1
"GO:0031903","microbody membrane","1/361","42/23407",0.479715168158058,0.746290542340753,0.687372867945431,"Pecr",1
"GO:0099060","integral component of postsynaptic specialization membrane","2/361","105/23407",0.483291629427919,0.746290542340753,0.687372867945431,"Nlgn2/Ptprs",2
"GO:0099055","integral component of postsynaptic membrane","3/361","169/23407",0.484908984069587,0.746290542340753,0.687372867945431,"Kcnc3/Nlgn2/Ptprs",3
"GO:0000152","nuclear ubiquitin ligase complex","1/361","43/23407",0.4877538081878,0.746290542340753,0.687372867945431,"Pcgf2",1
"GO:1902562","H4 histone acetyltransferase complex","1/361","43/23407",0.4877538081878,0.746290542340753,0.687372867945431,"Ruvbl2",1
"GO:0005765","lysosomal membrane","2/361","106/23407",0.488264556956982,0.746290542340753,0.687372867945431,"Tmbim1/Litaf",2
"GO:0005604","basement membrane","2/361","107/23407",0.493207497790263,0.747766206327173,0.688732032143449,"Lad1/Vegfa",2
"GO:0098852","lytic vacuole membrane","2/361","107/23407",0.493207497790263,0.747766206327173,0.688732032143449,"Tmbim1/Litaf",2
"GO:0044437","vacuolar part","3/361","173/23407",0.500422680621751,0.753410338885483,0.693930575289261,"Tmbim1/Sbf2/Litaf",3
"GO:0034707","chloride channel complex","1/361","45/23407",0.503461405706124,0.753410338885483,0.693930575289261,"Clic4",1
"GO:0150034","distal axon","6/361","369/23407",0.505313603028354,0.753410338885483,0.693930575289261,"Ncs1/Hnrnpr/Cad/Kcnc3/Syt7/Map1b",6
"GO:0070161","anchoring junction","5/361","305/23407",0.507971273826491,0.753410338885483,0.693930575289261,"Epha2/Jak2/Sdc4/Kifc3/Ndrg1",5
"GO:0005913","cell-cell adherens junction","2/361","111/23407",0.512674423047535,0.753410338885483,0.693930575289261,"Kifc3/Ndrg1",2
"GO:0097733","photoreceptor cell cilium","2/361","111/23407",0.512674423047535,0.753410338885483,0.693930575289261,"Pde6g/Map1b",2
"GO:0098948","intrinsic component of postsynaptic specialization membrane","2/361","111/23407",0.512674423047535,0.753410338885483,0.693930575289261,"Nlgn2/Ptprs",2
"GO:0097731","9+0 non-motile cilium","2/361","112/23407",0.517463829861508,0.753410338885483,0.693930575289261,"Pde6g/Map1b",2
"GO:0032590","dendrite membrane","1/361","47/23407",0.51868863634905,0.753410338885483,0.693930575289261,"Kcnc3",1
"GO:0048787","presynaptic active zone membrane","1/361","47/23407",0.51868863634905,0.753410338885483,0.693930575289261,"Stx11",1
"GO:0098936","intrinsic component of postsynaptic membrane","3/361","178/23407",0.519475714746044,0.753410338885483,0.693930575289261,"Kcnc3/Nlgn2/Ptprs",3
"GO:0099240","intrinsic component of synaptic membrane","4/361","244/23407",0.520984135002989,0.753410338885483,0.693930575289261,"Kcnc3/Nlgn2/Psen2/Ptprs",4
"GO:0031519","PcG protein complex","1/361","48/23407",0.526126710076704,0.753410338885483,0.693930575289261,"Pcgf2",1
"GO:0031901","early endosome membrane","1/361","48/23407",0.526126710076704,0.753410338885483,0.693930575289261,"Litaf",1
"GO:0030135","coated vesicle","3/361","180/23407",0.52698648703958,0.753410338885483,0.693930575289261,"Snx9/Hax1/Furin",3
"GO:0030118","clathrin coat","1/361","49/23407",0.533450151048591,0.756895308657623,0.697140415868864,"Kcnq5",1
"GO:0031201","SNARE complex","1/361","49/23407",0.533450151048591,0.756895308657623,0.697140415868864,"Stx11",1
"GO:0036126","sperm flagellum","2/361","117/23407",0.540937649139142,0.763456886320468,0.703183974242536,"Slc9b2/Catsperd",2
"GO:0016607","nuclear speck","5/361","317/23407",0.542135608105226,0.763456886320468,0.703183974242536,"Timm50/Gtf2h2/Nfkbiz/Hspa1a/Gtf2h4",5
"GO:0060170","ciliary membrane","1/361","51/23407",0.547760155097957,0.768499322077731,0.707828322966331,"Pde6g",1
"GO:0030017","sarcomere","3/361","188/23407",0.556365202725839,0.777670320538719,0.716275295233031,"Tnnt2/Psen2/Synpo",3
"GO:0031902","late endosome membrane","1/361","53/23407",0.561632421669879,0.779239079512452,0.7177202048141,"Litaf",1
"GO:0099738","cell cortex region","1/361","53/23407",0.561632421669879,0.779239079512452,0.7177202048141,"Phldb1",1
"GO:0032420","stereocilium","1/361","54/23407",0.568408592594653,0.785741289763197,0.723709082676629,"Cdh23",1
"GO:0097729","9+2 motile cilium","2/361","124/23407",0.572451853506758,0.788431856844472,0.726187236567277,"Slc9b2/Catsperd",2
"GO:0005871","kinesin complex","1/361","56/23407",0.581649164549206,0.795466973521503,0.732666949296121,"Kifc3",1
"GO:0005882","intermediate filament","2/361","127/23407",0.585469480740191,0.795466973521503,0.732666949296121,"Nefh/Slc1a4",2
"GO:0044438","microbody part","1/361","57/23407",0.588116752729487,0.795466973521503,0.732666949296121,"Pecr",1
"GO:0044439","peroxisomal part","1/361","57/23407",0.588116752729487,0.795466973521503,0.732666949296121,"Pecr",1
"GO:0005770","late endosome","3/361","198/23407",0.591513215075208,0.795466973521503,0.732666949296121,"Rab34/Ankrd13b/Litaf",3
"GO:0030018","Z disc","2/361","129/23407",0.593984161382509,0.795466973521503,0.732666949296121,"Psen2/Synpo",2
"GO:0016328","lateral plasma membrane","1/361","58/23407",0.594484626488144,0.795466973521503,0.732666949296121,"Cldn12",1
"GO:0097525","spliceosomal snRNP complex","1/361","58/23407",0.594484626488144,0.795466973521503,0.732666949296121,"Prpf40b",1
"GO:0000776","kinetochore","2/361","130/23407",0.598192330285443,0.797589773713923,0.734622159999666,"Nudcd2/Psen2",2
"GO:0005635","nuclear envelope","6/361","409/23407",0.6057114463343,0.800718174646711,0.737503581911444,"Dmpk/Cdk4/Myc/Ipo4/Psen2/Tmem109",6
"GO:0010494","cytoplasmic stress granule","1/361","60/23407",0.6069273398253,0.800718174646711,0.737503581911444,"Mcrip2",1
"GO:0034704","calcium channel complex","1/361","60/23407",0.6069273398253,0.800718174646711,0.737503581911444,"Catsperd",1
"GO:0099634","postsynaptic specialization membrane","2/361","134/23407",0.614697277869044,0.808133484191471,0.744333472281618,"Nlgn2/Ptprs",2
"GO:0014704","intercalated disc","1/361","62/23407",0.618989289800417,0.810940672351766,0.746919040323995,"Rangrf",1
"GO:0030532","small nuclear ribonucleoprotein complex","1/361","63/23407",0.624881123871184,0.812994126559049,0.74881037972544,"Prpf40b",1
"GO:0030660","Golgi-associated vesicle membrane","1/361","63/23407",0.624881123871184,0.812994126559049,0.74881037972544,"Furin",1
"GO:0005905","clathrin-coated pit","1/361","64/23407",0.630682096895623,0.814901953377162,0.75056758863686,"Bcl2l1",1
"GO:0032421","stereocilium bundle","1/361","64/23407",0.630682096895623,0.814901953377162,0.75056758863686,"Cdh23",1
"GO:0045178","basal part of cell","1/361","66/23407",0.642017027906357,0.821475135964975,0.756621835757214,"Phldb1",1
"GO:0030176","integral component of endoplasmic reticulum membrane","2/361","141/23407",0.642323643547082,0.821475135964975,0.756621835757214,"Dgat2/Alg3",2
"GO:0031674","I band","2/361","141/23407",0.642323643547082,0.821475135964975,0.756621835757214,"Psen2/Synpo",2
"GO:0099572","postsynaptic specialization","6/361","428/23407",0.649319023389389,0.827606619642069,0.762269254933485,"Sh3gl3/Sema4c/Nefh/Nlgn2/Map1b/Ptprs",6
"GO:0032587","ruffle membrane","1/361","69/23407",0.658372211467019,0.83551886811802,0.769556852213965,"Plek",1
"GO:0034703","cation channel complex","3/361","220/23407",0.662269179625336,0.83551886811802,0.769556852213965,"Kcnc3/Catsperd/Kcnq5",3
"GO:0005875","microtubule associated complex","2/361","147/23407",0.664742540021354,0.83551886811802,0.769556852213965,"Kifc3/Map1b",2
"GO:0034702","ion channel complex","4/361","294/23407",0.667056333461033,0.83551886811802,0.769556852213965,"Kcnc3/Catsperd/Kcnq5/Clic4",4
"GO:0032592","integral component of mitochondrial membrane","1/361","71/23407",0.668859519424266,0.83551886811802,0.769556852213965,"Dmpk",1
"GO:0099061","integral component of postsynaptic density membrane","1/361","71/23407",0.668859519424266,0.83551886811802,0.769556852213965,"Ptprs",1
"GO:0031227","intrinsic component of endoplasmic reticulum membrane","2/361","149/23407",0.671960249375469,0.836612760811842,0.770564384958276,"Dgat2/Alg3",2
"GO:0098573","intrinsic component of mitochondrial membrane","1/361","73/23407",0.679025751890879,0.842619414887691,0.776096829501821,"Dmpk",1
"GO:0044445","cytosolic part","4/361","300/23407",0.682379080196007,0.843995178137167,0.77736397986318,"Cflar/Ncs1/Casp4/Gemin5",4
"GO:0060076","excitatory synapse","1/361","76/23407",0.69369444723078,0.849039753310764,0.78201029910202,"Nlgn2",1
"GO:0030662","coated vesicle membrane","1/361","77/23407",0.698433905657323,0.849039753310764,0.78201029910202,"Furin",1
"GO:0070603","SWI/SNF superfamily-type complex","1/361","77/23407",0.698433905657323,0.849039753310764,0.78201029910202,"Ruvbl2",1
"GO:0099146","intrinsic component of postsynaptic density membrane","1/361","77/23407",0.698433905657323,0.849039753310764,0.78201029910202,"Ptprs",1
"GO:0005746","mitochondrial respiratory chain","1/361","78/23407",0.703100230563354,0.849039753310764,0.78201029910202,"AA467197",1
"GO:0030684","preribosome","1/361","78/23407",0.703100230563354,0.849039753310764,0.78201029910202,"Rrp1b",1
"GO:1902495","transmembrane transporter complex","4/361","309/23407",0.704426997111802,0.849039753310764,0.78201029910202,"Kcnc3/Catsperd/Kcnq5/Clic4",4
"GO:0014069","postsynaptic density","5/361","389/23407",0.719186617502249,0.849039753310764,0.78201029910202,"Sh3gl3/Sema4c/Nefh/Map1b/Ptprs",5
"GO:0000123","histone acetyltransferase complex","1/361","82/23407",0.721056445906704,0.849039753310764,0.78201029910202,"Ruvbl2",1
"GO:0017053","transcriptional repressor complex","1/361","82/23407",0.721056445906704,0.849039753310764,0.78201029910202,"Rcor2",1
"GO:0071013","catalytic step 2 spliceosome","1/361","82/23407",0.721056445906704,0.849039753310764,0.78201029910202,"Hnrnpr",1
"GO:0098803","respiratory chain complex","1/361","82/23407",0.721056445906704,0.849039753310764,0.78201029910202,"AA467197",1
"GO:0045111","intermediate filament cytoskeleton","2/361","165/23407",0.72524393036323,0.849039753310764,0.78201029910202,"Nefh/Slc1a4",2
"GO:0044291","cell-cell contact zone","1/361","83/23407",0.725373643035436,0.849039753310764,0.78201029910202,"Rangrf",1
"GO:0032279","asymmetric synapse","5/361","392/23407",0.725382114676544,0.849039753310764,0.78201029910202,"Sh3gl3/Sema4c/Nefh/Map1b/Ptprs",5
"GO:0030667","secretory granule membrane","1/361","84/23407",0.729624205325961,0.849039753310764,0.78201029910202,"Pcsk4",1
"GO:0043235","receptor complex","5/361","395/23407",0.731479290377157,0.849039753310764,0.78201029910202,"Epha2/Kit/Cd44/Plxnd1/Axl",5
"GO:0005684","U2-type spliceosomal complex","1/361","85/23407",0.73380915845709,0.849039753310764,0.78201029910202,"Prpf40b",1
"GO:0015935","small ribosomal subunit","1/361","85/23407",0.73380915845709,0.849039753310764,0.78201029910202,"Mrps6",1
"GO:0001725","stress fiber","1/361","86/23407",0.737929512363144,0.849039753310764,0.78201029910202,"Synpo",1
"GO:0043195","terminal bouton","1/361","86/23407",0.737929512363144,0.849039753310764,0.78201029910202,"Cad",1
"GO:0097517","contractile actin filament bundle","1/361","86/23407",0.737929512363144,0.849039753310764,0.78201029910202,"Synpo",1
"GO:0000786","nucleosome","1/361","88/23407",0.745980384957283,0.849039753310764,0.78201029910202,"Irf4",1
"GO:0022625","cytosolic large ribosomal subunit","1/361","89/23407",0.749912846942378,0.849039753310764,0.78201029910202,"Gemin5",1
"GO:0070469","respiratory chain","1/361","90/23407",0.753784596760278,0.849039753310764,0.78201029910202,"AA467197",1
"GO:0030175","filopodium","1/361","91/23407",0.757596569165371,0.849039753310764,0.78201029910202,"Myo10",1
"GO:1905368","peptidase complex","1/361","91/23407",0.757596569165371,0.849039753310764,0.78201029910202,"F3",1
"GO:0000313","organellar ribosome","1/361","92/23407",0.761349684559577,0.849039753310764,0.78201029910202,"Mrps6",1
"GO:0005761","mitochondrial ribosome","1/361","92/23407",0.761349684559577,0.849039753310764,0.78201029910202,"Mrps6",1
"GO:0031248","protein acetyltransferase complex","1/361","92/23407",0.761349684559577,0.849039753310764,0.78201029910202,"Ruvbl2",1
"GO:1902493","acetyltransferase complex","1/361","92/23407",0.761349684559577,0.849039753310764,0.78201029910202,"Ruvbl2",1
"GO:0044452","nucleolar part","2/361","179/23407",0.765698007853771,0.849039753310764,0.78201029910202,"Samd4/Rrp1b",2
"GO:0030864","cortical actin cytoskeleton","1/361","94/23407",0.768682955475926,0.849039753310764,0.78201029910202,"Snx9",1
"GO:0035097","histone methyltransferase complex","1/361","94/23407",0.768682955475926,0.849039753310764,0.78201029910202,"Ruvbl2",1
"GO:0098984","neuron to neuron synapse","5/361","416/23407",0.771424103809539,0.849039753310764,0.78201029910202,"Sh3gl3/Sema4c/Nefh/Map1b/Ptprs",5
"GO:0032432","actin filament bundle","1/361","95/23407",0.772264882000748,0.849039753310764,0.78201029910202,"Synpo",1
"GO:0098839","postsynaptic density membrane","1/361","95/23407",0.772264882000748,0.849039753310764,0.78201029910202,"Ptprs",1
"GO:1904949","ATPase complex","1/361","95/23407",0.772264882000748,0.849039753310764,0.78201029910202,"Ruvbl2",1
"GO:0005874","microtubule","5/361","419/23407",0.776744035897222,0.849284434298036,0.782235663169243,"Ccdc50/Trip10/Kifc3/Map1b/Ndrg1",5
"GO:0042641","actomyosin","1/361","97/23407",0.7792636431724,0.849284434298036,0.782235663169243,"Synpo",1
"GO:0044815","DNA packaging complex","1/361","97/23407",0.7792636431724,0.849284434298036,0.782235663169243,"Irf4",1
"GO:0005681","spliceosomal complex","2/361","187/23407",0.786417823563517,0.852561112384807,0.785253656143902,"Hnrnpr/Prpf40b",2
"GO:0030117","membrane coat","1/361","100/23407",0.789361638232007,0.852561112384807,0.785253656143902,"Kcnq5",1
"GO:0048475","coated membrane","1/361","100/23407",0.789361638232007,0.852561112384807,0.785253656143902,"Kcnq5",1
"GO:0000775","chromosome, centromeric region","2/361","189/23407",0.791339968676324,0.852561112384807,0.785253656143902,"Nudcd2/Psen2",2
"GO:0031514","motile cilium","2/361","197/23407",0.810042102901146,0.867737409375586,0.799231824424882,"Slc9b2/Catsperd",2
"GO:0044309","neuron spine","2/361","197/23407",0.810042102901146,0.867737409375586,0.799231824424882,"Eea1/Synpo",2
"GO:0030426","growth cone","2/361","203/23407",0.823074944234573,0.875875369604441,0.806727314109353,"Hnrnpr/Map1b",2
"GO:0044448","cell cortex part","2/361","204/23407",0.825167547198942,0.875875369604441,0.806727314109353,"Snx9/Phldb1",2
"GO:0043230","extracellular organelle","1/361","113/23407",0.828057766410019,0.875875369604441,0.806727314109353,"Alpl",1
"GO:0044441","ciliary part","5/361","452/23407",0.829139205371299,0.875875369604441,0.806727314109353,"Slc9b2/Catsperd/Pde6g/Map1b/Psen2",5
"GO:0030427","site of polarized growth","2/361","206/23407",0.829286254199949,0.875875369604441,0.806727314109353,"Hnrnpr/Map1b",2
"GO:0005814","centriole","1/361","115/23407",0.833345950718052,0.877697695994363,0.808405772626387,"Hspa1a",1
"GO:0034708","methyltransferase complex","1/361","118/23407",0.8409756502528,0.883259342164952,0.813528341467719,"Ruvbl2",1
"GO:0005884","actin filament","1/361","122/23407",0.850609426241843,0.890888981244938,0.820555640620338,"Dnaja3",1
"GO:0030863","cortical cytoskeleton","1/361","127/23407",0.861837225683325,0.89987913170317,0.828836042358183,"Snx9",1
"GO:0001650","fibrillar center","1/361","128/23407",0.863979698257565,0.89987913170317,0.828836042358183,"Samd4",1
"GO:0044391","ribosomal subunit","2/361","230/23407",0.872306187157356,0.906041785555707,0.834512170906572,"Mrps6/Gemin5",2
"GO:0005798","Golgi-associated vesicle","1/361","135/23407",0.878077369240272,0.909523666210309,0.837719166246338,"Furin",1
"GO:0030496","midbody","1/361","139/23407",0.885468774203656,0.914660052474106,0.842450048331413,"Clic4",1
"GO:0036064","ciliary basal body","1/361","145/23407",0.895726377779552,0.92272087135647,0.849874486775696,"Psen2",1
"GO:0022626","cytosolic ribosome","1/361","148/23407",0.900506258430034,0.925110254562002,0.852075234465002,"Gemin5",1
"GO:0015934","large ribosomal subunit","1/361","150/23407",0.903570815581518,0.925729227952727,0.852645341535406,"Gemin5",1
"GO:0005840","ribosome","2/361","265/23407",0.917417972911403,0.937361841887738,0.863359591212391,"Mrps6/Gemin5",2
"GO:0044450","microtubule organizing center part","1/361","164/23407",0.922542295940817,0.940043098302838,0.865829169489456,"Hspa1a",1
"GO:0000151","ubiquitin ligase complex","2/361","283/23407",0.934323554732207,0.949474747511648,0.87451621481336,"Pcgf2/Hspa1a",2
"GO:0032993","protein-DNA complex","1/361","186/23407",0.945117225103948,0.956027700168443,0.880551829102513,"Irf4",1
"GO:0098687","chromosomal region","2/361","298/23407",0.945857192719842,0.956027700168443,0.880551829102513,"Nudcd2/Psen2",2
"GO:0043197","dendritic spine","1/361","192/23407",0.950042180332761,0.957683270255008,0.882076696287507,"Synpo",1
"GO:0005938","cell cortex","2/361","309/23407",0.953062849489048,0.958159442267064,0.882515275772296,"Snx9/Phldb1",2
"GO:0005819","spindle","1/361","272/23407",0.985771787643181,0.98840051241023,0.910368893009422,"Myc",1
"GO:0099568","cytoplasmic region","2/361","468/23407",0.994539405698923,0.994539405698923,0.916023136827956,"Snx9/Phldb1",2
